ID,D,R,Vobs,e_Vobs,Vgas,Vdisk,Vbul,SBdisk,SBul,Baryonic,Vdm
D512-2,15.2,0.96,22.9,2.71,4.08,14.85,0.0,16.45,0.0,15.400288958328021,7.499711041671977
D512-2,15.2,1.92,33.5,2.71,6.24,21.2,0.0,7.4,0.0,22.099266956168478,11.400733043831522
D512-2,15.2,2.88,37.2,4.19,7.45,20.56,0.0,2.72,0.0,21.86815264259878,15.331847357401223
D512-2,15.2,3.83,35.9,5.98,8.09,20.08,0.0,1.79,0.0,21.64842950423887,14.251570495761129
D564-8,8.79,0.51,8.54,1.53,3.47,6.36,0.0,6.37,0.0,7.245032781154272,1.294967218845727
D564-8,8.79,1.02,15.1,1.41,5.33,8.66,0.0,2.82,0.0,10.168800322555262,4.931199677444738
D564-8,8.79,1.53,19.8,1.8,6.34,9.09,0.0,1.19,0.0,11.082585438425458,8.717414561574543
D564-8,8.79,2.04,21.9,1.82,6.86,8.75,0.0,0.52,0.0,11.118547567016117,10.781452432983881
D564-8,8.79,2.56,24.0,1.89,7.05,8.17,0.0,0.22,0.0,10.791264986089443,13.208735013910557
D564-8,8.79,3.07,25.0,2.05,7.04,7.65,0.0,0.0,0.0,10.39635032114636,14.60364967885364
D631-7,7.72,0.45,8.41,1.58,8.4,9.99,0.0,26.06,0.0,13.052206709978202,0.0
D631-7,7.72,0.9,17.8,2.22,13.51,15.52,0.0,19.64,0.0,20.57645499108143,0.0
D631-7,7.72,1.35,26.0,2.35,16.7,20.76,0.0,12.17,0.0,26.643340631384795,0.0
D631-7,7.72,1.8,30.9,2.22,18.72,21.37,0.0,4.5,0.0,28.40977472631559,2.490225273684409
D631-7,7.72,2.25,34.7,1.82,19.9,19.92,0.0,2.1,0.0,28.156995578363823,6.54300442163618
D631-7,7.72,2.69,38.8,1.81,20.61,18.76,0.0,1.13,0.0,27.869512015821158,10.93048798417884
D631-7,7.72,3.14,42.5,1.57,20.73,17.36,0.0,0.54,0.0,27.03890715247197,15.461092847528029
D631-7,7.72,3.59,45.6,1.59,20.61,16.32,0.0,0.37,0.0,26.289056658617476,19.310943341382526
D631-7,7.72,4.04,48.8,1.83,20.38,15.37,0.0,0.18,0.0,25.52609057415569,23.27390942584431
D631-7,7.72,4.49,51.8,1.91,19.9,14.49,0.0,0.1,0.0,24.616459940454476,27.18354005954552
D631-7,7.72,4.94,54.8,2.19,19.43,13.72,0.0,0.05,0.0,23.785779364990336,31.01422063500966
D631-7,7.72,5.39,56.6,2.73,18.84,13.04,0.0,0.03,0.0,22.912599154177162,33.687400845822836
D631-7,7.72,5.84,58.4,3.27,18.25,12.45,0.0,0.01,0.0,22.092193191261025,36.307806808738974
D631-7,7.72,6.29,58.5,3.95,17.65,11.93,0.0,0.01,0.0,21.303694515271285,37.19630548472871
D631-7,7.72,6.74,57.7,4.07,17.06,11.48,0.0,0.0,0.0,20.562927807099843,37.13707219290016
D631-7,7.72,7.19,57.3,3.94,16.47,11.08,0.0,0.0,0.0,19.850120906432785,37.44987909356721
DDO154,4.04,0.49,13.8,1.6,3.74,12.31,0.0,15.93,0.0,12.865601423952167,0.9343985760478333
DDO154,4.04,0.99,21.6,0.8,7.46,14.55,0.0,5.52,0.0,16.350966332299752,5.24903366770025
DDO154,4.04,1.48,28.9,0.7,10.87,12.95,0.0,1.26,0.0,16.907377088123397,11.992622911876602
DDO154,4.04,1.97,34.3,0.5,13.32,11.54,0.0,0.29,0.0,17.623677255328978,16.67632274467102
DDO154,4.04,2.47,38.2,0.4,14.77,10.18,0.0,0.08,0.0,17.938375065763342,20.26162493423666
DDO154,4.04,2.96,42.0,0.2,16.2,9.16,0.0,0.02,0.0,18.61036270468687,23.38963729531313
DDO154,4.04,3.46,44.6,0.2,17.6,8.37,0.0,0.01,0.0,19.48889170784219,25.111108292157812
DDO154,4.04,3.95,46.3,0.2,17.91,7.77,0.0,0.0,0.0,19.522832786253126,26.77716721374687
DDO154,4.04,4.44,47.4,0.3,17.48,7.29,0.0,0.0,0.0,18.93923176900267,28.460768230997328
DDO154,4.04,4.94,48.2,0.6,16.93,6.89,0.0,0.0,0.0,18.278320491773854,29.92167950822615
DDO154,4.04,5.43,47.4,0.7,16.28,6.55,0.0,0.0,0.0,17.548244926487662,29.851755073512336
DDO154,4.04,5.92,45.5,1.3,15.64,6.26,0.0,0.0,0.0,16.8462814888034,28.6537185111966
DDO161,7.5,0.6,16.0,3.53,6.82,12.59,0.0,30.32,0.0,14.318536936433135,1.6814630635668646
DDO161,7.5,0.73,16.6,4.83,8.12,14.22,0.0,27.69,0.0,16.375066412079065,0.22493358792093687
DDO161,7.5,0.85,18.6,2.5,9.3,15.27,0.0,27.15,0.0,17.879119105817267,0.7208808941827343
DDO161,7.5,0.98,20.0,7.58,10.41,17.04,0.0,25.71,0.0,19.968217246414362,0.03178275358563809
DDO161,7.5,1.07,21.4,4.03,11.27,18.03,0.0,24.23,0.0,21.26249750146958,0.13750249853042007
DDO161,7.5,1.54,28.9,2.74,15.22,22.44,0.0,17.21,0.0,27.1146086086449,1.7853913913550983
DDO161,7.5,2.02,32.9,2.65,18.74,24.92,0.0,11.77,0.0,31.18002565746218,1.7199743425378173
DDO161,7.5,2.49,35.2,2.88,21.52,25.85,0.0,7.54,0.0,33.63529247680181,1.5647075231981944
DDO161,7.5,2.96,37.6,3.05,23.28,26.01,0.0,5.12,0.0,34.90671138907245,2.693288610927553
DDO161,7.5,3.43,40.6,3.68,24.59,25.36,0.0,3.64,0.0,35.32418010371932,5.27581989628068
DDO161,7.5,3.9,42.7,3.25,25.62,25.01,0.0,2.55,0.0,35.80341464162322,6.896585358376782
DDO161,7.5,4.37,45.5,2.99,26.35,24.48,0.0,1.74,0.0,35.96655251758222,9.533447482417778
DDO161,7.5,4.86,48.9,1.96,27.08,23.7,0.0,1.09,0.0,35.986336295877635,12.913663704122364
DDO161,7.5,5.34,51.5,1.53,27.81,22.69,0.0,0.64,0.0,35.891951744088814,15.608048255911186
DDO161,7.5,5.81,53.0,1.86,28.4,21.59,0.0,0.46,0.0,35.67475437897225,17.325245621027747
DDO161,7.5,6.28,55.0,1.48,28.98,20.86,0.0,0.36,0.0,35.70686208559918,19.293137914400823
DDO161,7.5,6.75,57.6,0.99,29.57,20.11,0.0,0.24,0.0,35.760271251767655,21.839728748232346
DDO161,7.5,7.22,59.7,1.19,30.3,19.38,0.0,0.16,0.0,35.96768549684563,23.73231450315437
DDO161,7.5,7.69,60.5,1.26,31.18,18.7,0.0,0.11,0.0,36.35770069737634,24.142299302623663
DDO161,7.5,8.16,61.8,1.33,32.06,18.06,0.0,0.07,0.0,36.796836820574676,25.00316317942532
DDO161,7.5,8.64,62.9,1.35,32.64,17.47,0.0,0.05,0.0,37.021216889778216,25.878783110221782
DDO161,7.5,9.11,63.0,2.09,33.23,16.94,0.0,0.03,0.0,37.29874662773536,25.701253372264638
DDO161,7.5,9.58,64.5,2.38,33.38,16.44,0.0,0.02,0.0,37.20884303495609,27.29115696504391
DDO161,7.5,10.05,65.6,1.08,33.38,15.98,0.0,0.02,0.0,37.007901858927376,28.59209814107262
DDO161,7.5,10.52,67.5,3.22,32.79,15.57,0.0,0.01,0.0,36.29888428037424,31.20111571962576
DDO161,7.5,10.99,66.8,2.37,32.06,15.18,0.0,0.01,0.0,35.472186287287116,31.32781371271288
DDO161,7.5,11.46,66.8,0.95,31.18,14.81,0.0,0.0,0.0,34.518524012477705,32.28147598752229
DDO161,7.5,11.94,66.6,0.96,30.3,14.47,0.0,0.0,0.0,33.57783346197309,33.0221665380269
DDO161,7.5,12.41,66.8,0.99,29.42,14.16,0.0,0.0,0.0,32.650298620380184,34.14970137961981
DDO161,7.5,12.9,66.3,0.74,28.69,13.86,0.0,0.0,0.0,31.86244968611171,34.43755031388829
DDO161,7.5,13.37,66.1,1.31,27.81,13.59,0.0,0.0,0.0,30.952935240458213,35.14706475954178
ESO116-G012,13.0,0.25,20.9,3.4,-0.22,17.33,0.0,276.94,0.0,17.33139636613276,3.5686036338672373
ESO116-G012,13.0,0.83,40.0,3.29,-1.8,34.96,0.0,168.99,0.0,35.00630800298712,4.993691997012881
ESO116-G012,13.0,1.38,51.5,2.96,-1.55,51.34,0.0,141.01,0.0,51.36339260601854,0.13660739398145694
ESO116-G012,13.0,1.85,67.9,3.45,5.01,61.73,0.0,81.24,0.0,61.93297183245771,5.967028167542296
ESO116-G012,13.0,2.68,80.2,2.93,12.54,60.49,0.0,46.01,0.0,61.776141834854016,18.423858165145987
ESO116-G012,13.0,3.19,83.3,3.08,16.68,63.17,0.0,41.4,0.0,65.33506944972203,17.96493055027797
ESO116-G012,13.0,3.68,91.4,2.83,20.19,65.14,0.0,30.23,0.0,68.19718249312064,23.20281750687937
ESO116-G012,13.0,4.13,102.0,5.4,22.31,66.32,0.0,24.2,0.0,69.97198367918405,32.02801632081595
ESO116-G012,13.0,5.23,105.0,4.21,25.63,64.52,0.0,9.48,0.0,69.42425584765024,35.575744152349756
ESO116-G012,13.0,6.05,109.0,2.1,27.28,60.09,0.0,3.57,0.0,65.99247305564477,43.007526944355234
ESO116-G012,13.0,6.81,108.0,2.1,28.58,55.74,0.0,2.78,0.0,62.639955300111765,45.360044699888235
ESO116-G012,13.0,7.56,109.0,2.1,30.7,53.61,0.0,2.04,0.0,61.778006604292436,47.221993395707564
ESO116-G012,13.0,8.32,110.0,2.1,33.83,51.18,0.0,1.21,0.0,61.35031621760397,48.64968378239603
ESO116-G012,13.0,9.09,111.0,2.33,35.49,49.08,0.0,0.72,0.0,60.56720647347044,50.43279352652956
ESO116-G012,13.0,9.86,112.0,4.74,33.74,46.34,0.0,0.0,0.0,57.32175154337139,54.67824845662861
ESO444-G084,4.83,0.26,18.3,1.8,4.59,8.31,0.0,31.29,0.0,9.493376638478008,8.806623361521993
ESO444-G084,4.83,0.77,35.3,3.0,11.55,14.79,0.0,10.44,0.0,18.765569535721532,16.534430464278465
ESO444-G084,4.83,1.29,47.8,4.63,16.45,14.54,0.0,3.29,0.0,21.954819516452417,25.84518048354758
ESO444-G084,4.83,1.81,52.8,1.26,19.03,13.66,0.0,1.03,0.0,23.4251253998778,29.374874600122197
ESO444-G084,4.83,2.32,58.0,3.11,20.09,12.28,0.0,0.34,0.0,23.545838273461406,34.454161726538594
ESO444-G084,4.83,3.39,63.1,1.35,17.39,9.97,0.0,0.03,0.0,20.045273757172787,43.054726242827215
ESO444-G084,4.83,4.44,62.7,7.36,14.45,8.53,0.0,0.0,0.0,16.779851012449424,45.920148987550576
F563-1,48.9,1.07,22.1,7.17,1.98,18.3,0.0,33.42,0.0,18.40680309016207,3.69319690983793
F563-1,48.9,1.78,42.7,10.66,4.03,24.51,0.0,20.43,0.0,24.83910223820499,17.860897761795012
F563-1,48.9,2.49,60.6,7.69,6.25,27.45,0.0,14.31,0.0,28.152530969701463,32.447469030298535
F563-1,48.9,2.97,76.8,11.1,7.78,28.28,0.0,9.63,0.0,29.33064608903118,47.46935391096882
F563-1,48.9,3.04,81.6,17.5,8.01,28.2,0.0,9.31,0.0,29.315526602808962,52.284473397191036
F563-1,48.9,3.19,87.0,8.93,8.49,28.16,0.0,9.15,0.0,29.411999252005973,57.58800074799403
F563-1,48.9,6.95,90.0,24.8,17.83,29.57,0.0,3.35,0.0,34.52960758537519,55.47039241462481
F563-1,48.9,8.58,97.8,9.4,22.83,29.09,0.0,1.88,0.0,36.978872346246575,60.82112765375342
F563-1,48.9,9.26,93.7,25.3,24.91,28.73,0.0,1.68,0.0,38.02526791490101,55.674732085098995
F563-1,48.9,9.89,103.0,23.8,26.69,28.7,0.0,1.49,0.0,39.19242401281146,63.80757598718854
F563-1,48.9,10.08,97.4,11.0,27.31,28.73,0.0,1.43,0.0,39.63898333711398,57.76101666288603
F563-1,48.9,11.84,106.5,9.48,30.86,27.77,0.0,0.72,0.0,41.515208056807325,64.98479194319268
F563-1,48.9,14.56,112.0,11.0,30.44,25.73,0.0,0.36,0.0,39.8575776986008,72.1424223013992
F563-1,48.9,15.43,111.5,9.4,30.7,25.11,0.0,0.28,0.0,39.661090504422596,71.83890949557741
F563-1,48.9,17.93,111.0,24.3,33.36,23.48,0.0,0.14,0.0,40.794607486774524,70.20539251322548
F563-1,48.9,19.02,112.5,7.75,34.35,22.95,0.0,0.1,0.0,41.311318061761234,71.18868193823877
F563-1,48.9,20.1,106.0,10.7,35.34,22.07,0.0,0.0,0.0,41.6653393121909,64.3346606878091
F563-V2,59.7,0.28,11.9,7.89,0.95,6.22,0.0,68.0,0.0,6.2921300050142,5.6078699949858
F563-V2,59.7,0.87,34.8,7.89,2.93,17.64,0.0,60.24,0.0,17.881680569789854,16.918319430210143
F563-V2,59.7,1.46,58.5,8.68,4.98,27.33,0.0,50.99,0.0,27.78001619869938,30.71998380130062
F563-V2,59.7,2.05,81.5,14.2,7.2,35.16,0.0,39.39,0.0,35.88963081448456,45.61036918551544
F563-V2,59.7,2.35,91.8,17.5,8.24,37.71,0.0,33.19,0.0,38.599762952640006,53.20023704735999
F563-V2,59.7,4.76,114.0,8.68,16.62,45.06,0.0,10.8,0.0,48.02736719829643,65.97263280170357
F563-V2,59.7,7.86,116.0,8.68,34.33,41.16,0.0,3.01,0.0,53.59752326367329,62.40247673632671
F563-V2,59.7,8.7,117.0,16.6,39.57,40.09,0.0,2.22,0.0,56.32932628746771,60.67067371253229
F563-V2,59.7,10.18,118.0,51.9,39.57,38.11,0.0,1.34,0.0,54.93775568768714,63.06224431231286
F563-V2,59.7,10.47,118.0,40.3,39.57,37.78,0.0,1.24,0.0,54.70935294810203,63.29064705189797
F565-V2,51.8,1.26,21.7,10.0,5.7,11.4,0.0,12.58,0.0,12.745587471748802,8.954412528251197
F565-V2,51.8,2.51,40.3,10.0,10.7,17.23,0.0,5.69,0.0,20.2820832263355,20.017916773664496
F565-V2,51.8,3.78,57.7,7.0,14.75,19.15,0.0,4.01,0.0,24.17198791990431,33.52801208009569
F565-V2,51.8,5.03,68.5,7.0,18.18,18.51,0.0,1.6,0.0,25.94479716629136,42.55520283370864
F565-V2,51.8,6.29,73.5,7.0,21.5,20.41,0.0,1.58,0.0,29.644866334662396,43.855133665337604
F565-V2,51.8,7.54,78.5,5.0,24.72,20.52,0.0,0.6,0.0,32.127072695781045,46.372927304218955
F565-V2,51.8,8.8,83.1,6.0,27.11,18.68,0.0,0.21,0.0,32.922553060174415,50.17744693982558
F568-1,90.7,0.44,15.7,9.1,-2.08,12.26,0.0,98.11,0.0,12.435191996909417,3.2648080030905824
F568-1,90.7,1.32,44.5,9.1,-5.39,28.49,0.0,57.84,0.0,28.995382390994603,15.504617609005397
F568-1,90.7,2.2,69.4,9.1,-6.26,35.84,0.0,38.81,0.0,36.38259473979282,33.017405260207184
F568-1,90.7,3.08,90.0,11.4,-3.53,40.15,0.0,24.49,0.0,40.30488059776384,49.69511940223616
F568-1,90.7,3.96,105.0,9.88,1.83,41.23,0.0,19.47,0.0,41.270592435776834,63.729407564223166
F568-1,90.7,4.84,113.0,16.2,8.4,42.44,0.0,16.02,0.0,43.26330546779799,69.73669453220201
F568-1,90.7,5.53,117.0,24.8,13.64,43.19,0.0,13.79,0.0,45.29266717692832,71.70733282307168
F568-1,90.7,7.48,124.0,9.1,27.27,47.2,0.0,10.81,0.0,54.511401559673736,69.48859844032626
F568-1,90.7,8.37,127.0,9.1,32.13,48.6,0.0,8.48,0.0,58.26059474464709,68.7394052553529
F568-1,90.7,9.24,130.0,9.1,36.26,48.96,0.0,6.88,0.0,60.92511140736634,69.07488859263367
F568-1,90.7,10.13,133.0,9.1,39.77,48.92,0.0,5.7,0.0,63.04616800409046,69.95383199590954
F568-1,90.7,13.23,142.0,23.8,47.41,49.96,0.0,3.23,0.0,68.87459400969271,73.12540599030729
F568-V1,80.6,0.39,17.4,30.4,-1.11,12.25,0.0,99.83,0.0,12.30018699044856,5.099813009551438
F568-V1,80.6,1.18,46.3,37.1,-2.76,28.99,0.0,60.79,0.0,29.12108686158537,17.17891313841463
F568-V1,80.6,1.95,69.1,13.1,-2.63,34.78,0.0,34.2,0.0,34.879296151155344,34.22070384884465
F568-V1,80.6,2.74,85.2,6.2,-0.03,37.08,0.0,27.14,0.0,37.08001213592034,48.11998786407966
F568-V1,80.6,3.53,93.2,6.2,3.84,41.2,0.0,22.68,0.0,41.37856449902534,51.821435500974665
F568-V1,80.6,4.3,100.0,12.4,7.34,44.37,0.0,16.78,0.0,44.97301968958722,55.02698031041278
F568-V1,80.6,5.09,108.0,6.2,9.92,45.35,0.0,11.52,0.0,46.422288827674144,61.577711172325856
F568-V1,80.6,5.87,112.0,6.2,12.15,44.94,0.0,9.36,0.0,46.55347570267981,65.4465242973202
F568-V1,80.6,6.4,113.0,24.9,13.65,45.12,0.0,8.08,0.0,47.139547091587545,65.86045290841246
F568-V1,80.6,7.44,113.0,15.5,17.06,45.76,0.0,6.21,0.0,48.83667883875806,64.16332116124194
F568-V1,80.6,8.21,112.0,13.1,19.87,46.01,0.0,4.32,0.0,50.11723256525644,61.88276743474356
F568-V1,80.6,9.0,111.0,26.4,22.99,44.52,0.0,3.01,0.0,50.10559350012731,60.89440649987269
F568-V1,80.6,9.72,111.0,19.4,26.1,43.69,0.0,2.45,0.0,50.89229902450861,60.10770097549139
F568-V1,80.6,11.79,113.0,12.5,34.23,40.77,0.0,1.17,0.0,53.23425400998872,59.76574599001128
F568-V1,80.6,17.63,118.0,14.6,36.03,33.12,0.0,0.0,0.0,48.939710869599544,69.06028913040046
F571-V1,80.1,1.95,32.0,10.0,7.85,23.82,0.0,23.44,0.0,25.080169457162764,6.919830542837236
F571-V1,80.1,3.88,57.6,10.0,15.1,35.57,0.0,10.77,0.0,38.64239769993575,18.957602300064252
F571-V1,80.1,5.83,70.9,7.0,20.84,33.21,0.0,4.16,0.0,39.20726590824716,31.692734091752847
F571-V1,80.1,7.78,77.0,6.0,25.68,32.58,0.0,2.09,0.0,41.48395834536526,35.51604165463474
F571-V1,80.1,9.72,82.5,6.0,29.5,31.97,0.0,1.23,0.0,43.500929875118764,38.999070124881236
F571-V1,80.1,11.66,84.3,6.0,30.81,29.08,0.0,0.46,0.0,42.36628966525154,41.933710334748454
F571-V1,80.1,13.59,83.9,6.0,28.8,26.58,0.0,0.0,0.0,39.191024482654186,44.70897551734582
F574-1,96.8,0.47,15.3,4.4,0.25,12.99,0.0,104.59,0.0,12.992405473968244,2.3075945260317567
F574-1,96.8,1.41,41.0,4.36,0.88,32.88,0.0,69.17,0.0,32.891774047624736,8.108225952375264
F574-1,96.8,2.35,60.7,4.4,1.88,41.13,0.0,36.87,0.0,41.172943785937875,19.527056214062128
F574-1,96.8,3.29,74.9,4.4,3.41,42.43,0.0,24.85,0.0,42.566806316659466,32.33319368334054
F574-1,96.8,4.22,83.0,6.28,5.43,44.37,0.0,21.2,0.0,44.701026833843535,38.298973166156465
F574-1,96.8,5.17,86.8,4.4,7.8,46.69,0.0,16.81,0.0,47.33704785894448,39.46295214105552
F574-1,96.8,6.11,89.4,4.4,10.44,48.85,0.0,13.72,0.0,49.95313904050475,39.446860959495254
F574-1,96.8,7.05,92.5,4.4,13.15,49.34,0.0,10.54,0.0,51.06229626642343,41.43770373357657
F574-1,96.8,7.99,94.7,4.4,16.07,50.15,0.0,8.66,0.0,52.661821085108706,42.0381789148913
F574-1,96.8,8.92,96.3,4.4,18.98,49.17,0.0,6.85,0.0,52.706065115885856,43.59393488411414
F574-1,96.8,9.87,97.8,4.4,21.99,49.76,0.0,6.33,0.0,54.40236851461524,43.39763148538476
F574-1,96.8,10.79,98.8,4.62,25.0,50.33,0.0,5.29,0.0,56.197054193258204,42.60294580674179
F574-1,96.8,11.8,99.5,4.4,27.82,50.68,0.0,4.09,0.0,57.813621232370494,41.686378767629506
F574-1,96.8,12.6,99.7,5.14,30.02,50.19,0.0,3.23,0.0,58.48278806623364,41.217211933766364
F583-1,35.4,0.26,14.6,13.0,-0.5,5.06,0.0,34.28,0.0,5.084643546995206,9.515356453004793
F583-1,35.4,0.44,10.0,7.0,-0.86,8.17,0.0,31.74,0.0,8.215138465053403,1.7848615349465966
F583-1,35.4,0.77,10.7,7.13,-1.55,13.14,0.0,26.03,0.0,13.23110350651071,0.0
F583-1,35.4,0.89,17.4,9.6,-1.78,14.55,0.0,23.16,0.0,14.658475364102502,2.7415246358974965
F583-1,35.4,1.22,23.5,11.2,-2.43,17.29,0.0,17.48,0.0,17.45992554394205,6.040074456057951
F583-1,35.4,1.55,31.0,5.2,-2.98,18.37,0.0,11.3,0.0,18.61013970930901,12.38986029069099
F583-1,35.4,1.8,32.3,2.41,-3.18,18.25,0.0,10.51,0.0,18.524980431838518,13.775019568161479
F583-1,35.4,2.21,40.9,5.9,-3.53,19.06,0.0,10.14,0.0,19.384130106868348,21.51586989313165
F583-1,35.4,2.31,43.8,4.26,-3.66,19.39,0.0,9.91,0.0,19.732402286594503,24.067597713405494
F583-1,35.4,2.54,44.8,4.5,-4.08,20.16,0.0,9.2,0.0,20.568714106623194,24.231285893376803
F583-1,35.4,3.1,51.7,12.7,-5.16,22.16,0.0,8.56,0.0,22.752828395608315,28.947171604391688
F583-1,35.4,3.43,55.7,4.5,-4.94,23.71,0.0,7.6,0.0,24.21915977072698,31.480840229273024
F583-1,35.4,3.86,59.4,9.85,-3.07,24.94,0.0,6.05,0.0,25.128241084485005,34.271758915514994
F583-1,35.4,4.09,62.0,4.5,1.31,25.34,0.0,5.43,0.0,25.37383888969109,36.626161110308914
F583-1,35.4,4.37,63.0,3.2,4.42,25.74,0.0,4.75,0.0,26.11673792800318,36.883262071996825
F583-1,35.4,4.76,66.6,6.9,7.13,26.09,0.0,3.9,0.0,27.046718839814933,39.553281160185065
F583-1,35.4,5.4,71.3,2.95,11.25,26.17,0.0,2.77,0.0,28.48563497624724,42.81436502375276
F583-1,35.4,5.86,72.3,15.5,13.88,25.92,0.0,2.15,0.0,29.402394460315644,42.89760553968435
F583-1,35.4,6.08,73.4,6.0,14.94,25.73,0.0,1.92,0.0,29.75292422603197,43.64707577396804
F583-1,35.4,6.43,72.4,5.81,16.72,25.39,0.0,1.61,0.0,30.400830580758807,41.9991694192412
F583-1,35.4,6.97,77.1,12.1,19.67,24.74,0.0,1.25,0.0,31.606589502823617,45.49341049717638
F583-1,35.4,7.96,80.3,13.5,24.09,23.76,0.0,0.92,0.0,33.83586410895989,46.46413589104011
F583-1,35.4,10.29,84.7,6.0,31.66,22.09,0.0,0.37,0.0,38.60471085243354,46.09528914756646
F583-1,35.4,15.49,86.9,5.6,39.34,17.78,0.0,0.0,0.0,43.17133308110835,43.728666918891655
F583-1,35.4,16.26,85.8,8.6,39.55,17.09,0.0,0.0,0.0,43.08445891501946,42.715541084980536
F583-4,53.3,0.22,10.7,4.9,0.47,5.59,0.0,69.18,0.0,5.6097237008608545,5.090276299139145
F583-4,53.3,0.76,24.7,4.9,1.87,17.63,0.0,60.07,0.0,17.728897314836022,6.971102685163977
F583-4,53.3,1.31,38.9,4.9,3.27,26.64,0.0,42.04,0.0,26.83994225031045,12.060057749689548
F583-4,53.3,1.94,42.7,7.89,4.87,32.27,0.0,31.07,0.0,32.63540715235525,10.064592847644754
F583-4,53.3,3.92,55.0,4.9,8.5,38.26,0.0,9.64,0.0,39.19282587413161,15.807174125868393
F583-4,53.3,4.35,57.2,4.9,9.17,38.43,0.0,8.68,0.0,39.508907856330325,17.691092143669678
F583-4,53.3,5.0,59.8,4.9,10.3,39.09,0.0,6.38,0.0,40.42422664690074,19.375773353099255
F583-4,53.3,5.05,62.5,3.43,10.4,39.06,0.0,6.2,0.0,40.42083126309997,22.07916873690003
F583-4,53.3,5.83,61.8,3.98,12.1,38.38,0.0,3.7,0.0,40.24219675912338,21.557803240876616
F583-4,53.3,6.09,64.4,4.9,12.72,38.13,0.0,3.52,0.0,40.195712457922674,24.20428754207733
F583-4,53.3,6.74,67.2,4.9,14.18,39.23,0.0,2.89,0.0,41.714089945724574,25.48591005427543
F583-4,53.3,7.29,69.9,4.9,15.33,36.96,0.0,0.0,0.0,40.0131290953357,29.886870904664306
IC2574,3.91,0.85,10.3,0.2,0.0,9.59,0.0,16.75,0.0,9.59,0.7100000000000009
IC2574,3.91,1.14,12.9,2.7,0.0,11.99,0.0,14.92,0.0,11.99,0.9100000000000001
IC2574,3.91,1.42,16.4,1.8,0.94,13.83,0.0,13.07,0.0,13.861908238045727,2.5380917619542718
IC2574,3.91,1.71,18.6,2.1,3.44,15.27,0.0,11.58,0.0,15.652683476005,2.947316523995001
IC2574,3.91,1.99,19.8,2.0,5.14,16.76,0.0,10.8,0.0,17.53046491111973,2.2695350888802714
IC2574,3.91,2.28,26.1,0.6,5.82,17.77,0.0,9.24,0.0,18.698804774637335,7.401195225362667
IC2574,3.91,2.55,27.7,2.7,6.87,18.7,0.0,8.42,0.0,19.922020479860972,7.777979520139027
IC2574,3.91,2.84,29.7,2.6,7.58,19.36,0.0,7.37,0.0,20.791007671587252,8.908992328412747
IC2574,3.91,3.13,33.0,3.4,8.21,19.89,0.0,6.93,0.0,21.517811226981244,11.482188773018756
IC2574,3.91,3.41,34.8,1.2,8.78,20.19,0.0,5.88,0.0,22.01645975174029,12.783540248259708
IC2574,3.91,3.7,35.0,0.9,8.64,20.15,0.0,5.69,0.0,21.924235448471173,13.075764551528827
IC2574,3.91,3.98,39.0,10.2,7.98,20.39,0.0,5.87,0.0,21.89594711356419,17.10405288643581
IC2574,3.91,4.26,35.9,5.4,7.97,21.28,0.0,6.08,0.0,22.723540657212734,13.176459342787265
IC2574,3.91,4.55,40.0,4.1,10.01,22.72,0.0,6.5,0.0,24.82737400531921,15.17262599468079
IC2574,3.91,4.84,38.7,1.4,11.42,24.6,0.0,5.76,0.0,27.12151175727489,11.578488242725111
IC2574,3.91,5.12,41.8,0.5,12.67,25.34,0.0,4.6,0.0,28.330981274922337,13.46901872507766
IC2574,3.91,5.41,42.9,0.4,13.13,25.74,0.0,4.3,0.0,28.895406209292158,14.00459379070784
IC2574,3.91,5.68,44.4,1.7,13.93,26.48,0.0,4.03,0.0,29.920482950647706,14.479517049352292
IC2574,3.91,5.97,46.1,1.3,14.5,27.15,0.0,3.42,0.0,30.779416823585205,15.320583176414797
IC2574,3.91,6.26,49.0,0.9,15.98,27.39,0.0,2.76,0.0,31.710763157010273,17.289236842989727
IC2574,3.91,6.54,51.9,0.6,17.58,27.31,0.0,2.14,0.0,32.47910867003588,19.42089132996412
IC2574,3.91,6.83,53.1,2.1,18.38,26.75,0.0,1.67,0.0,32.45592241795016,20.64407758204984
IC2574,3.91,7.1,54.0,0.5,19.29,26.25,0.0,1.55,0.0,32.57555218258011,21.42444781741989
IC2574,3.91,7.39,55.9,1.1,19.86,26.04,0.0,1.54,0.0,32.749064108765,23.150935891235
IC2574,3.91,7.68,58.8,3.6,21.01,25.86,0.0,1.4,0.0,33.319059110365046,25.48094088963495
IC2574,3.91,7.96,57.3,4.6,21.81,25.77,0.0,1.25,0.0,33.76046504419037,23.53953495580963
IC2574,3.91,8.25,54.0,9.0,22.49,25.57,0.0,1.12,0.0,34.0532670972992,19.946732902700802
IC2574,3.91,8.52,63.8,12.0,22.38,25.47,0.0,1.02,0.0,33.90553494637712,29.89446505362288
IC2574,3.91,8.81,60.5,6.2,22.6,25.41,0.0,0.92,0.0,34.00629500548391,26.493704994516087
IC2574,3.91,9.1,61.0,5.7,22.95,25.38,0.0,0.83,0.0,34.217640187482246,26.782359812517754
IC2574,3.91,9.38,66.0,1.3,23.63,25.51,0.0,0.75,0.0,34.77264729640238,31.227352703597617
IC2574,3.91,9.67,65.2,3.4,24.89,25.74,0.0,0.67,0.0,35.80586125203526,29.394138747964746
IC2574,3.91,9.96,67.1,4.7,25.8,24.84,0.0,0.0,0.0,35.81432115788319,31.285678842116802
IC2574,3.91,10.23,67.5,9.3,27.17,23.97,0.0,0.0,0.0,36.23216526789422,31.267834732105783
KK98-251,6.8,0.25,4.25,2.0,1.87,2.88,0.0,8.69,0.0,3.433846240005513,0.8161537599944868
KK98-251,6.8,0.41,6.84,2.0,3.32,3.93,0.0,6.61,0.0,5.14463798532025,1.6953620146797501
KK98-251,6.8,0.57,9.56,2.0,4.8,4.8,0.0,6.95,0.0,6.788225099390856,2.7717749006091443
KK98-251,6.8,0.74,12.3,2.0,6.44,6.36,0.0,6.78,0.0,9.051143574156804,3.248856425843197
KK98-251,6.8,0.9,15.1,2.0,8.03,7.43,0.0,5.71,0.0,10.940100547984008,4.159899452015992
KK98-251,6.8,1.07,17.5,2.0,9.79,8.56,0.0,5.63,0.0,13.004526135157713,4.495473864842287
KK98-251,6.8,1.24,19.7,2.0,11.57,9.52,0.0,4.46,0.0,14.983167221919402,4.716832778080597
KK98-251,6.8,1.4,21.8,2.0,13.11,10.08,0.0,3.87,0.0,16.537185371156724,5.262814628843277
KK98-251,6.8,1.57,24.4,2.0,14.44,10.55,0.0,3.42,0.0,17.883402920026153,6.516597079973845
KK98-251,6.8,1.72,27.3,2.0,15.54,10.95,0.0,3.02,0.0,19.01036822368257,8.289631776317432
KK98-251,6.8,1.89,30.3,2.0,16.53,11.36,0.0,2.62,0.0,20.057180759019946,10.242819240980054
KK98-251,6.8,2.06,32.6,2.0,17.3,11.57,0.0,2.28,0.0,20.81237372334064,11.78762627665936
KK98-251,6.8,2.46,33.3,2.0,18.07,12.23,0.0,1.69,0.0,21.81966544198146,11.480334558018537
KK98-251,6.8,2.79,34.6,2.0,18.07,12.94,0.0,1.34,0.0,22.22540213359479,12.37459786640521
KK98-251,6.8,3.13,34.2,2.0,17.41,12.45,0.0,0.0,0.0,21.403518402356188,12.796481597643815
NGC0024,7.3,0.21,17.4,6.51,1.51,18.55,0.0,410.75,0.0,18.6113567479644,0.0
NGC0024,7.3,0.32,31.0,8.86,2.27,25.65,0.0,307.43,0.0,25.750250484218594,5.2497495157814065
NGC0024,7.3,0.43,36.1,8.16,3.03,29.58,0.0,268.58,0.0,29.73478266273355,6.365217337266451
NGC0024,7.3,0.54,46.0,8.52,3.84,33.96,0.0,241.26,0.0,34.17641291885384,11.823587081146158
NGC0024,7.3,0.64,58.0,6.9,4.53,36.83,0.0,222.69,0.0,37.10754370744579,20.892456292554208
NGC0024,7.3,0.74,63.4,9.55,5.28,39.62,0.0,212.03,0.0,39.970273954527755,23.429726045472243
NGC0024,7.3,0.85,71.9,8.52,6.04,43.11,0.0,206.1,0.0,43.5310659184909,28.368934081509103
NGC0024,7.3,0.96,76.4,6.82,6.8,46.75,0.0,191.46,0.0,47.24195698740686,29.158043012593147
NGC0024,7.3,1.07,78.1,6.65,7.62,50.04,0.0,179.91,0.0,50.616854900319524,27.48314509968047
NGC0024,7.3,1.17,80.5,6.14,8.31,52.76,0.0,167.35,0.0,53.410426884644906,27.089573115355094
NGC0024,7.3,1.28,82.8,5.8,9.07,55.72,0.0,159.14,0.0,56.45337279560894,26.346627204391055
NGC0024,7.3,1.38,85.6,6.48,9.82,58.31,0.0,150.35,0.0,59.131112791828976,26.46888720817102
NGC0024,7.3,1.48,88.0,7.5,10.57,61.08,0.0,139.46,0.0,61.98783187045664,26.01216812954336
NGC0024,7.3,1.59,92.0,8.52,11.19,63.47,0.0,125.67,0.0,64.44887120811349,27.551128791886512
NGC0024,7.3,1.7,92.4,8.52,11.92,65.59,0.0,111.41,0.0,66.66434204280426,25.73565795719574
NGC0024,7.3,1.8,95.1,9.2,12.54,66.83,0.0,99.69,0.0,67.9963271066901,27.10367289330989
NGC0024,7.3,1.91,96.5,8.52,13.26,68.03,0.0,87.79,0.0,69.31023373211202,27.189766267887975
NGC0024,7.3,2.02,101.0,8.86,13.88,68.59,0.0,77.06,0.0,69.98030079958217,31.019699200417833
NGC0024,7.3,2.13,99.9,9.55,14.61,69.0,0.0,68.97,0.0,70.52979583126553,29.370204168734475
NGC0024,7.3,2.23,103.0,8.18,15.23,69.17,0.0,63.99,0.0,70.82684378115405,32.173156218845946
NGC0024,7.3,2.34,104.0,8.52,15.96,69.56,0.0,57.94,0.0,71.36746597715236,32.632534022847636
NGC0024,7.3,2.44,107.0,9.2,16.58,69.75,0.0,52.31,0.0,71.6935066794755,35.306493320524496
NGC0024,7.3,2.54,107.0,9.55,17.3,69.69,0.0,47.47,0.0,71.80519549447658,35.19480450552342
NGC0024,7.3,2.65,106.0,11.2,17.92,69.65,0.0,43.16,0.0,71.91834884089039,34.08165115910961
NGC0024,7.3,2.76,107.0,11.2,18.55,69.52,0.0,39.28,0.0,71.95229600228195,35.047703997718045
NGC0024,7.3,7.07,104.0,3.11,26.32,52.21,0.0,1.7,0.0,58.469021712356366,45.530978287643634
NGC0024,7.3,8.49,106.0,2.55,24.76,47.19,0.0,0.49,0.0,53.29121597411716,52.70878402588284
NGC0024,7.3,9.91,109.0,4.95,22.59,43.11,0.0,0.19,0.0,48.670116087800736,60.329883912199264
NGC0024,7.3,11.27,110.0,2.83,20.52,40.05,0.0,0.0,0.0,45.00080999271013,64.99919000728987
NGC0055,2.11,1.23,28.7,3.4,13.65,27.5,0.0,58.0,0.0,30.701343618806,0.0
NGC0055,2.11,1.84,37.6,2.6,18.65,32.63,0.0,38.02,0.0,37.58376511207998,0.016234887920020924
NGC0055,2.11,2.46,43.1,1.2,21.85,36.38,0.0,29.5,0.0,42.437329086548324,0.6626709134516773
NGC0055,2.11,3.07,50.1,2.8,25.04,38.7,0.0,21.65,0.0,46.09437709742914,4.005622902570863
NGC0055,2.11,3.68,58.1,4.5,28.73,39.68,0.0,16.32,0.0,48.98893038228126,9.11106961771874
NGC0055,2.11,4.3,64.6,4.1,32.28,39.98,0.0,13.06,0.0,51.38481098534858,13.215189014651415
NGC0055,2.11,4.91,68.5,2.7,34.59,39.99,0.0,10.93,0.0,52.87407871537811,15.625921284621889
NGC0055,2.11,5.52,72.3,0.8,36.37,39.87,0.0,9.36,0.0,53.96659892933776,18.333401070662234
NGC0055,2.11,6.14,74.2,2.4,37.73,39.71,0.0,8.35,0.0,54.776244851212645,19.423755148787357
NGC0055,2.11,6.75,78.9,2.6,38.68,39.75,0.0,7.82,0.0,55.463545685431974,23.43645431456803
NGC0055,2.11,7.37,82.4,2.3,39.3,40.35,0.0,7.39,0.0,56.32594872702989,26.074051272970117
NGC0055,2.11,7.98,84.3,4.8,39.72,41.04,0.0,6.69,0.0,57.11357106677887,27.18642893322113
NGC0055,2.11,8.59,85.4,7.3,40.39,41.57,0.0,5.95,0.0,57.96047791383367,27.439522086166335
NGC0055,2.11,9.21,85.3,4.6,40.44,42.03,0.0,5.36,0.0,58.32593334015324,26.974066659846756
NGC0055,2.11,9.82,86.8,4.0,39.94,42.44,0.0,4.85,0.0,58.27827382481399,28.521726175186004
NGC0055,2.11,10.43,85.4,5.7,39.15,42.87,0.0,4.39,0.0,58.0565190138024,27.343480986197605
NGC0055,2.11,11.05,85.4,7.0,37.71,43.32,0.0,3.97,0.0,57.43401866489929,27.965981335100714
NGC0055,2.11,11.66,86.2,4.1,36.23,43.95,0.0,3.59,0.0,56.95801436145751,29.241985638542495
NGC0055,2.11,12.28,86.1,6.2,35.41,44.71,0.0,3.25,0.0,57.033781217801085,29.06621878219891
NGC0055,2.11,12.89,87.4,2.5,34.67,45.88,0.0,2.94,0.0,57.50637616821286,29.893623831787146
NGC0055,2.11,13.5,86.5,5.5,33.61,48.0,0.0,0.0,0.0,58.597202151638605,27.902797848361395
NGC0100,13.5,0.23,6.81,8.19,-0.86,9.67,0.0,142.64,0.0,9.708166665236027,0.0
NGC0100,13.5,0.69,20.0,4.09,-1.93,23.77,0.0,114.33,0.0,23.848224252551802,0.0
NGC0100,13.5,1.15,33.0,4.0,-3.62,34.7,0.0,92.98,0.0,34.888313229504234,0.0
NGC0100,13.5,1.59,42.7,4.0,-4.31,41.73,0.0,70.0,0.0,41.9519844584258,0.7480155415742047
NGC0100,13.5,2.05,49.9,4.0,-3.92,46.7,0.0,54.62,0.0,46.864233696925,3.0357663030750004
NGC0100,13.5,2.51,55.5,4.0,3.21,50.33,0.0,43.18,0.0,50.432261499956546,5.067738500043454
NGC0100,13.5,2.97,61.9,4.0,7.43,53.12,0.0,33.14,0.0,53.637107490989855,8.262892509010143
NGC0100,13.5,3.42,67.9,4.0,10.05,55.1,0.0,25.5,0.0,56.00903944900323,11.890960550996773
NGC0100,13.5,3.88,73.1,4.0,11.97,55.08,0.0,16.1,0.0,56.365657097207695,16.7343429027923
NGC0100,13.5,4.34,76.1,3.0,13.61,54.16,0.0,13.06,0.0,55.843868956224725,20.25613104377527
NGC0100,13.5,4.79,77.8,5.34,14.82,53.32,0.0,9.76,0.0,55.34125766550666,22.458742334493337
NGC0100,13.5,5.24,79.0,4.0,15.7,52.48,0.0,7.4,0.0,54.778101463997444,24.221898536002556
NGC0100,13.5,5.7,78.5,5.6,16.36,50.92,0.0,5.05,0.0,53.48360496451226,25.01639503548774
NGC0100,13.5,6.16,79.8,7.15,16.58,49.36,0.0,4.2,0.0,52.07020261147444,27.729797388525554
NGC0100,13.5,7.16,83.4,5.12,17.02,46.44,0.0,2.37,0.0,49.460630808755354,33.93936919124465
NGC0100,13.5,7.52,84.6,4.0,17.46,45.44,0.0,2.01,0.0,48.679001633147735,35.92099836685226
NGC0100,13.5,7.98,86.1,5.53,18.01,44.24,0.0,1.61,0.0,47.76544462265583,38.33455537734417
NGC0100,13.5,8.44,87.5,10.2,18.77,43.11,0.0,1.27,0.0,47.0189855271251,40.4810144728749
NGC0100,13.5,8.9,89.0,7.77,19.76,41.91,0.0,0.96,0.0,46.33471376840478,42.66528623159522
NGC0100,13.5,9.35,90.4,5.16,20.86,40.72,0.0,0.84,0.0,45.752136562132264,44.64786343786774
NGC0100,13.5,9.62,91.2,13.7,21.63,40.12,0.0,0.83,0.0,45.579285865401616,45.62071413459839
NGC0247,3.7,1.08,34.6,0.9,2.87,22.18,0.0,66.02,0.0,22.36491225111335,12.235087748886652
NGC0247,3.7,1.61,47.0,0.8,4.22,29.63,0.0,54.33,0.0,29.9290043269067,17.0709956730933
NGC0247,3.7,2.15,59.1,3.1,5.53,34.54,0.0,44.47,0.0,34.97988707814821,24.120112921851792
NGC0247,3.7,2.7,64.4,1.4,7.02,38.17,0.0,37.92,0.0,38.81017005889049,25.589829941109514
NGC0247,3.7,3.22,67.4,2.3,8.74,41.49,0.0,33.35,0.0,42.40056249626885,24.99943750373116
NGC0247,3.7,3.77,69.8,0.7,10.74,44.33,0.0,29.03,0.0,45.61245992050856,24.187540079491434
NGC0247,3.7,4.31,71.3,1.1,12.87,46.65,0.0,25.59,0.0,48.3927618554676,22.9072381445324
NGC0247,3.7,4.85,73.2,1.7,14.02,48.71,0.0,22.37,0.0,50.68751818741967,22.512481812580333
NGC0247,3.7,5.38,75.1,3.0,14.25,50.36,0.0,19.55,0.0,52.3372916762035,22.762708323796495
NGC0247,3.7,5.92,78.5,3.8,15.4,51.67,0.0,17.02,0.0,53.916128384742166,24.583871615257834
NGC0247,3.7,6.46,81.4,5.0,17.47,52.6,0.0,14.83,0.0,55.42527311615162,25.974726883848383
NGC0247,3.7,6.99,83.5,7.0,20.12,53.23,0.0,13.01,0.0,56.90559990018557,26.59440009981443
NGC0247,3.7,7.53,87.1,7.2,23.34,53.67,0.0,11.5,0.0,58.525417555110195,28.5745824448898
NGC0247,3.7,8.07,90.7,4.8,25.63,54.09,0.0,10.34,0.0,59.8550332052368,30.844966794763202
NGC0247,3.7,8.62,93.1,1.4,27.36,54.75,0.0,9.41,0.0,61.20565415057664,31.894345849423352
NGC0247,3.7,9.14,95.9,2.1,29.31,55.29,0.0,8.09,0.0,62.578432386885495,33.32156761311451
NGC0247,3.7,9.69,98.4,5.2,31.5,55.46,0.0,6.86,0.0,63.78135777795892,34.61864222204109
NGC0247,3.7,10.23,101.0,8.2,33.45,55.35,0.0,5.8,0.0,64.67244390001045,36.32755609998955
NGC0247,3.7,10.76,103.0,9.4,35.18,54.98,0.0,4.92,0.0,65.27199093026043,37.72800906973957
NGC0247,3.7,11.3,104.0,9.4,36.44,54.45,0.0,4.17,0.0,65.51851722986412,38.481482770135884
NGC0247,3.7,11.84,105.0,8.9,37.01,53.82,0.0,3.57,0.0,65.3171684934367,39.6828315065633
NGC0247,3.7,12.38,105.0,8.4,37.01,53.2,0.0,3.12,0.0,64.80725345206352,40.19274654793648
NGC0247,3.7,12.91,105.0,9.0,36.33,52.54,0.0,2.63,0.0,63.8773864524841,41.1226135475159
NGC0247,3.7,13.48,106.0,8.4,35.29,51.7,0.0,2.23,0.0,62.596118889273,43.403881110727
NGC0247,3.7,14.01,108.0,7.7,34.03,50.9,0.0,1.96,0.0,61.22786048850637,46.77213951149363
NGC0247,3.7,14.54,107.0,9.2,32.65,50.18,0.0,1.79,0.0,59.86697670669532,47.13302329330468
NGC0300,2.08,0.91,33.1,3.9,0.0,31.52,0.0,90.5,0.0,31.52,1.5800000000000018
NGC0300,2.08,1.36,46.7,2.7,0.0,37.5,0.0,67.25,0.0,37.5,9.200000000000003
NGC0300,2.08,1.82,53.9,4.7,0.0,42.04,0.0,53.8,0.0,42.04,11.86
NGC0300,2.08,2.27,58.8,2.5,2.86,46.16,0.0,41.88,0.0,46.24851565185633,12.551484348143667
NGC0300,2.08,2.72,65.6,2.6,7.4,48.37,0.0,31.96,0.0,48.932779401951,16.667220598048992
NGC0300,2.08,3.17,70.8,2.7,8.38,49.78,0.0,24.71,0.0,50.480419966557335,20.319580033442662
NGC0300,2.08,3.63,82.1,4.9,8.42,50.48,0.0,18.99,0.0,51.177405170641464,30.92259482935853
NGC0300,2.08,4.08,84.1,6.6,9.19,50.65,0.0,14.68,0.0,51.47697155039329,32.62302844960671
NGC0300,2.08,4.54,83.4,6.2,12.0,50.39,0.0,11.28,0.0,51.799151537452815,31.60084846254719
NGC0300,2.08,4.99,81.5,2.7,12.98,49.84,0.0,8.72,0.0,51.50248537692138,29.997514623078622
NGC0300,2.08,5.45,80.8,4.0,13.57,49.05,0.0,6.7,0.0,50.89250828953118,29.90749171046882
NGC0300,2.08,5.9,82.8,12.4,15.44,48.12,0.0,5.18,0.0,50.53640272120681,32.263597278793185
NGC0300,2.08,6.36,88.2,11.7,20.16,47.07,0.0,3.98,0.0,51.20557098597769,36.994429014022316
NGC0300,2.08,6.81,88.5,8.5,24.2,45.98,0.0,3.08,0.0,51.959603539673004,36.540396460326996
NGC0300,2.08,7.26,88.4,8.9,27.05,44.86,0.0,2.38,0.0,52.38436885178631,36.01563114821369
NGC0300,2.08,7.71,88.2,10.8,28.23,43.73,0.0,1.84,0.0,52.05041594454361,36.149584055456394
NGC0300,2.08,8.17,89.5,3.1,27.84,42.59,0.0,1.41,0.0,50.88195849218071,38.61804150781929
NGC0300,2.08,8.62,89.7,9.5,26.95,41.5,0.0,1.09,0.0,49.48285056461481,40.217149435385195
NGC0300,2.08,9.07,93.7,7.3,26.46,40.45,0.0,0.84,0.0,48.335640059897834,45.36435994010217
NGC0300,2.08,9.53,97.0,5.7,26.26,39.41,0.0,0.65,0.0,47.357530552173,49.642469447827
NGC0300,2.08,9.96,96.2,1.5,25.18,38.5,0.0,0.51,0.0,46.003069462808675,50.19693053719133
NGC0300,2.08,10.45,94.8,2.1,24.1,37.5,0.0,0.38,0.0,44.57645118221055,50.22354881778945
NGC0300,2.08,10.93,92.5,13.9,23.02,36.62,0.0,0.29,0.0,43.25441942738337,49.24558057261663
NGC0300,2.08,11.32,92.8,10.6,22.03,35.97,0.0,0.23,0.0,42.18011142706951,50.619888572930485
NGC0300,2.08,11.8,93.5,12.1,21.74,35.19,0.0,0.0,0.0,41.36379697271516,52.13620302728484
NGC1003,11.4,1.25,47.0,7.6,2.05,56.98,0.0,175.71,0.0,57.01686504886076,0.0
NGC1003,11.4,2.08,59.5,4.5,6.07,64.63,0.0,107.61,0.0,64.91441904538621,0.0
NGC1003,11.4,2.9,71.6,3.7,10.81,74.91,0.0,67.61,0.0,75.68595774646707,0.0
NGC1003,11.4,3.73,77.6,3.1,14.74,77.71,0.0,47.27,0.0,79.09558584396477,0.0
NGC1003,11.4,4.56,83.4,3.6,17.0,79.57,0.0,29.91,0.0,81.36574770749667,2.0342522925033393
NGC1003,11.4,5.39,89.7,3.8,19.26,79.39,0.0,14.66,0.0,81.69283750733598,8.007162492664023
NGC1003,11.4,6.22,93.8,2.4,21.62,73.38,0.0,7.84,0.0,76.49868495601739,17.301315043982612
NGC1003,11.4,7.04,99.0,3.0,23.59,69.52,0.0,5.24,0.0,73.41334006840991,25.58665993159009
NGC1003,11.4,7.87,103.0,2.5,27.03,65.95,0.0,3.23,0.0,71.27428287959128,31.725717120408717
NGC1003,11.4,8.7,100.0,2.3,28.5,62.8,0.0,2.03,0.0,68.96441111181912,31.035588888180882
NGC1003,11.4,9.54,98.3,2.0,29.19,59.81,0.0,1.06,0.0,66.5529278093759,31.747072190624095
NGC1003,11.4,10.34,98.4,1.7,29.29,56.87,0.0,0.59,0.0,63.969531810073455,34.43046818992655
NGC1003,11.4,11.21,94.5,1.8,30.27,54.18,0.0,0.37,0.0,62.062430664613835,32.437569335386165
NGC1003,11.4,11.98,94.9,2.4,31.35,52.09,0.0,0.22,0.0,60.79630416398681,34.103695836013195
NGC1003,11.4,12.85,95.3,1.6,32.24,49.97,0.0,0.13,0.0,59.46779380471416,35.832206195285835
NGC1003,11.4,13.72,96.9,1.8,32.83,48.07,0.0,0.08,0.0,58.21111405908669,38.688885940913316
NGC1003,11.4,14.49,97.2,1.3,33.03,46.57,0.0,0.05,0.0,57.09418359167596,40.105816408324046
NGC1003,11.4,15.36,100.0,1.8,33.12,45.03,0.0,0.03,0.0,55.8984373663522,44.1015626336478
NGC1003,11.4,16.13,104.0,2.7,32.83,43.81,0.0,0.02,0.0,54.746004420414096,49.253995579585904
NGC1003,11.4,17.0,104.0,3.2,33.52,42.53,0.0,0.01,0.0,54.151558610994755,49.848441389005245
NGC1003,11.4,17.78,105.0,3.4,32.34,41.49,0.0,0.01,0.0,52.60509195885889,52.39490804114111
NGC1003,11.4,18.65,109.0,3.9,31.65,40.42,0.0,0.0,0.0,51.33711035888171,57.66288964111829
NGC1003,11.4,19.52,110.0,3.8,29.88,39.42,0.0,0.0,0.0,49.46464191723215,60.53535808276785
NGC1003,11.4,20.29,107.0,3.8,29.39,38.61,0.0,0.0,0.0,48.5232336103026,58.4767663896974
NGC1003,11.4,21.16,106.0,3.8,29.0,37.75,0.0,0.0,0.0,47.603177414958346,58.396822585041654
NGC1003,11.4,21.93,106.0,4.0,27.91,37.04,0.0,0.0,0.0,46.378116606865355,59.621883393134645
NGC1003,11.4,22.8,108.0,3.4,27.03,36.29,0.0,0.0,0.0,45.25024861810154,62.74975138189846
NGC1003,11.4,23.67,109.0,3.2,25.65,35.58,0.0,0.0,0.0,43.86181596787802,65.13818403212198
NGC1003,11.4,24.44,110.0,3.3,26.24,34.99,0.0,0.0,0.0,43.73600004572892,66.26399995427107
NGC1003,11.4,25.31,110.0,2.7,25.85,34.35,0.0,0.0,0.0,42.9900569899599,67.0099430100401
NGC1003,11.4,26.08,110.0,2.4,25.26,33.82,0.0,0.0,0.0,42.2120835780467,67.7879164219533
NGC1003,11.4,26.95,113.0,2.5,26.83,33.25,0.0,0.0,0.0,42.72483352805485,70.27516647194514
NGC1003,11.4,27.73,114.0,2.2,30.76,32.76,0.0,0.0,0.0,44.93768129309744,69.06231870690256
NGC1003,11.4,28.6,112.0,1.7,31.75,32.24,0.0,0.0,0.0,45.24908949360197,66.75091050639803
NGC1003,11.4,29.47,113.0,1.8,34.6,31.75,0.0,0.0,0.0,46.95979663499406,66.04020336500594
NGC1003,11.4,30.24,115.0,1.6,37.45,31.33,0.0,0.0,0.0,48.82695362194943,66.17304637805057
NGC1090,37.0,0.35,20.9,9.81,-0.82,48.76,0.0,1540.43,0.0,48.76689450846752,0.0
NGC1090,37.0,1.07,61.7,8.19,-2.5,98.26,0.0,772.11,0.0,98.2917982336268,0.0
NGC1090,37.0,1.6,81.3,4.32,-3.73,114.22,0.0,533.24,0.0,114.28088772843864,0.0
NGC1090,37.0,3.7,124.0,3.41,-7.4,144.04,0.0,300.12,0.0,144.2299608264524,0.0
NGC1090,37.0,5.09,156.0,7.02,-9.39,154.24,0.0,183.64,0.0,154.52556325734588,1.4744367426541203
NGC1090,37.0,6.61,166.0,6.34,-10.89,166.19,0.0,152.68,0.0,166.54641455161982,0.0
NGC1090,37.0,8.17,165.0,12.1,-5.79,171.87,0.0,89.5,0.0,171.96749983645165,0.0
NGC1090,37.0,9.11,174.0,4.84,9.64,169.05,0.0,67.81,0.0,169.32463524248325,4.675364757516746
NGC1090,37.0,10.37,164.0,5.86,17.85,166.21,0.0,59.0,0.0,167.16574589311054,0.0
NGC1090,37.0,11.28,176.0,7.35,22.68,167.76,0.0,48.87,0.0,169.28614828154133,6.71385171845867
NGC1090,37.0,13.62,174.0,3.28,31.86,164.88,0.0,24.37,0.0,167.92996754599818,6.070032454001819
NGC1090,37.0,15.04,168.0,2.23,35.59,159.31,0.0,14.96,0.0,163.23701847313924,4.762981526860756
NGC1090,37.0,16.37,166.0,2.23,38.11,153.0,0.0,8.69,0.0,157.67489368951544,8.325106310484557
NGC1090,37.0,17.59,167.0,4.59,40.13,146.12,0.0,5.36,0.0,151.53043027722188,15.469569722778118
NGC1090,37.0,18.8,167.0,5.3,41.74,140.2,0.0,3.94,0.0,146.28146704213765,20.71853295786235
NGC1090,37.0,20.13,165.0,3.48,42.85,134.43,0.0,2.74,0.0,141.09410831072998,23.90589168927002
NGC1090,37.0,21.35,165.0,3.12,43.55,129.7,0.0,2.05,0.0,136.81627278946024,28.183727210539757
NGC1090,37.0,22.57,165.0,2.39,44.16,125.69,0.0,1.61,0.0,133.22192649860608,31.77807350139392
NGC1090,37.0,23.89,165.0,2.23,45.07,121.68,0.0,1.08,0.0,129.75872725947954,35.24127274052046
NGC1090,37.0,25.11,163.0,2.23,46.68,118.15,0.0,0.76,0.0,127.03717920357016,35.96282079642984
NGC1090,37.0,26.33,162.0,2.23,48.39,114.89,0.0,0.54,0.0,124.66476727608327,37.33523272391673
NGC1090,37.0,27.65,162.0,2.23,50.01,111.67,0.0,0.37,0.0,122.35681019052434,39.64318980947566
NGC1090,37.0,28.87,162.0,2.23,51.42,108.99,0.0,0.26,0.0,120.51073188724729,41.48926811275271
NGC1090,37.0,30.09,160.0,2.23,52.53,106.1,0.0,0.0,0.0,118.391768717255,41.608231282744995
NGC1705,5.73,0.22,50.2,7.5,5.62,33.24,0.0,512.85,0.0,33.71174869389009,16.488251306109916
NGC1705,5.73,0.66,62.2,7.51,13.36,44.88,0.0,84.05,0.0,46.8263173867004,15.3736826132996
NGC1705,5.73,1.11,72.4,5.35,17.38,43.65,0.0,25.33,0.0,46.98283622771192,25.417163772288085
NGC1705,5.73,1.55,73.2,3.31,17.38,39.37,0.0,8.23,0.0,43.03558178995608,30.16441821004392
NGC1705,5.73,2.0,72.9,3.21,17.17,35.3,0.0,3.0,0.0,39.2542851164048,33.645714883595204
NGC1705,5.73,2.45,72.6,2.73,16.22,31.81,0.0,0.83,0.0,35.70664503982417,36.89335496017583
NGC1705,5.73,2.89,71.5,3.41,15.26,28.94,0.0,0.29,0.0,32.71683358761969,38.78316641238031
NGC1705,5.73,3.34,71.1,4.38,14.31,26.66,0.0,0.09,0.0,30.257754378010276,40.84224562198972
NGC1705,5.73,3.78,71.4,4.6,13.46,24.88,0.0,0.03,0.0,28.287559102898925,43.11244089710108
NGC1705,5.73,4.22,71.5,5.68,13.36,23.42,0.0,0.01,0.0,26.962677908546105,44.537322091453895
NGC1705,5.73,4.66,71.5,6.2,13.36,22.2,0.0,0.0,0.0,25.910028946336592,45.589971053663405
NGC1705,5.73,5.11,71.3,6.43,13.46,21.14,0.0,0.0,0.0,25.06134872667471,46.23865127332529
NGC1705,5.73,5.56,71.8,9.68,13.46,20.22,0.0,0.0,0.0,24.290327292978166,47.509672707021835
NGC1705,5.73,6.0,71.5,10.5,14.31,19.44,0.0,0.0,0.0,24.13896642360646,47.36103357639354
NGC2366,3.27,0.12,4.2,3.15,-0.46,3.95,0.0,51.7,0.0,3.9766946073340863,0.22330539266591387
NGC2366,3.27,0.36,9.41,1.83,-0.53,11.2,0.0,47.22,0.0,11.2125331660602,0.0
NGC2366,3.27,0.59,15.3,1.37,1.73,15.88,0.0,35.13,0.0,15.973956929953205,0.0
NGC2366,3.27,0.83,18.4,1.64,4.19,19.68,0.0,28.17,0.0,20.121095894607727,0.0
NGC2366,3.27,1.07,23.4,2.08,6.57,22.21,0.0,17.57,0.0,23.16136869876217,0.2386313012378274
NGC2366,3.27,1.31,28.1,2.46,9.69,23.33,0.0,11.56,0.0,25.26232372526328,2.8376762747367223
NGC2366,3.27,1.54,33.1,2.01,12.94,22.77,0.0,7.62,0.0,26.190007636501367,6.909992363498635
NGC2366,3.27,1.79,37.5,1.62,15.67,22.48,0.0,5.72,0.0,27.402541852901166,10.097458147098834
NGC2366,3.27,2.02,40.5,1.68,17.89,22.28,0.0,4.38,0.0,28.573597953355474,11.926402046644526
NGC2366,3.27,2.26,42.3,1.69,19.31,22.0,0.0,2.95,0.0,29.2724460884293,13.027553911570696
NGC2366,3.27,2.49,45.2,1.91,20.12,21.29,0.0,1.9,0.0,29.29297697401205,15.907023025987954
NGC2366,3.27,2.74,47.4,1.95,21.03,20.52,0.0,1.32,0.0,29.382499893644177,18.017500106355822
NGC2366,3.27,2.97,48.1,1.74,22.14,19.83,0.0,0.93,0.0,29.722188681185642,18.37781131881436
NGC2366,3.27,3.21,48.8,1.08,23.15,19.12,0.0,0.64,0.0,30.02493796829562,18.775062031704376
NGC2366,3.27,3.44,50.7,1.55,23.96,18.46,0.0,0.45,0.0,30.246540298024172,20.45345970197583
NGC2366,3.27,3.69,52.1,2.78,24.56,17.79,0.0,0.31,0.0,30.32618835264333,21.77381164735667
NGC2366,3.27,3.92,53.0,2.98,25.07,17.2,0.0,0.22,0.0,30.403040966324404,22.596959033675596
NGC2366,3.27,4.16,53.7,2.39,25.27,16.63,0.0,0.15,0.0,30.251112376241636,23.448887623758367
NGC2366,3.27,4.4,51.2,2.21,25.47,16.1,0.0,0.1,0.0,30.131891742803006,21.068108257196997
NGC2366,3.27,4.64,51.6,1.45,25.68,15.61,0.0,0.07,0.0,30.052196259175467,21.547803740824534
NGC2366,3.27,4.87,51.5,1.84,26.18,15.18,0.0,0.05,0.0,30.262597376960226,21.237402623039774
NGC2366,3.27,5.11,50.4,2.53,26.59,14.76,0.0,0.03,0.0,30.41193351301426,19.988066486985737
NGC2366,3.27,5.35,48.5,4.6,26.69,14.37,0.0,0.02,0.0,30.312588144201744,18.187411855798256
NGC2366,3.27,5.59,50.0,5.91,26.59,14.01,0.0,0.02,0.0,30.05508609204106,19.94491390795894
NGC2366,3.27,5.82,49.0,7.42,26.28,13.7,0.0,0.01,0.0,29.636605743573266,19.363394256426734
NGC2366,3.27,6.06,49.4,5.92,26.18,13.37,0.0,0.0,0.0,29.396416448267974,20.003583551732024
NGC2403,3.16,0.16,24.5,2.83,0.0,23.21,0.0,1105.79,0.0,23.21,1.2899999999999991
NGC2403,3.16,0.26,35.3,2.46,0.0,35.33,0.0,1006.36,0.0,35.33,0.0
NGC2403,3.16,0.36,43.2,1.12,1.92,46.97,0.0,938.26,0.0,47.00922569028339,0.0
NGC2403,3.16,0.46,52.0,1.25,2.29,56.68,0.0,789.78,0.0,56.726241722856976,0.0
NGC2403,3.16,0.56,60.9,2.93,2.64,63.77,0.0,624.65,0.0,63.8246229914443,0.0
NGC2403,3.16,0.66,65.8,1.25,3.0,67.56,0.0,511.64,0.0,67.62657465819188,0.0
NGC2403,3.16,0.76,71.7,1.25,3.34,70.83,0.0,469.31,0.0,70.9087053893949,0.7912946106051066
NGC2403,3.16,0.86,74.6,1.6,3.68,72.8,0.0,402.53,0.0,72.89295164829038,1.7070483517096164
NGC2403,3.16,0.96,74.6,1.03,4.02,74.87,0.0,381.19,0.0,74.9778453944897,0.0
NGC2403,3.16,1.06,76.6,1.12,4.37,77.12,0.0,359.63,0.0,77.24371366007722,0.0
NGC2403,3.16,1.16,78.5,1.6,4.75,79.47,0.0,345.41,0.0,79.61182952300493,0.0
NGC2403,3.16,1.27,83.4,1.8,5.15,82.18,0.0,332.26,0.0,82.34121021699889,1.0587897830011173
NGC2403,3.16,1.36,86.4,1.6,5.51,85.19,0.0,317.57,0.0,85.36800454502846,1.0319954549715504
NGC2403,3.16,1.47,87.4,1.41,5.76,87.94,0.0,297.25,0.0,88.12843581954691,0.0
NGC2403,3.16,1.57,90.3,1.41,5.98,90.77,0.0,286.72,0.0,90.96677030652457,0.0
NGC2403,3.16,1.67,93.3,1.6,6.21,93.98,0.0,271.01,0.0,94.184948372869,0.0
NGC2403,3.16,1.77,93.3,1.41,6.42,96.86,0.0,252.38,0.0,97.07252958484186,0.0
NGC2403,3.16,1.87,95.2,1.25,6.61,99.21,0.0,231.06,0.0,99.42995625061896,0.0
NGC2403,3.16,1.97,97.2,1.6,6.81,101.42,0.0,214.5,0.0,101.64837677011866,0.0
NGC2403,3.16,2.08,99.1,2.02,7.01,103.79,0.0,203.15,0.0,104.02645913420298,0.0
NGC2403,3.16,2.18,98.2,2.02,7.27,106.07,0.0,177.77,0.0,106.31884969279906,0.0
NGC2403,3.16,2.28,98.2,1.6,7.54,106.73,0.0,143.26,0.0,106.99600226176678,0.0
NGC2403,3.16,2.37,98.2,1.0,7.81,106.19,0.0,125.45,0.0,106.47681531676274,0.0
NGC2403,3.16,2.47,97.2,1.12,8.25,105.57,0.0,115.5,0.0,105.8918665431864,0.0
NGC2403,3.16,2.57,98.2,1.41,8.77,105.08,0.0,108.64,0.0,105.44533797186104,0.0
NGC2403,3.16,2.68,98.2,1.12,9.31,104.39,0.0,99.02,0.0,104.8043329256954,0.0
NGC2403,3.16,2.78,98.2,1.6,9.95,103.8,0.0,91.66,0.0,104.27580016475538,0.0
NGC2403,3.16,2.88,99.1,2.69,10.97,103.16,0.0,86.76,0.0,103.74163339759018,0.0
NGC2403,3.16,2.98,100.0,2.69,11.96,102.68,0.0,83.79,0.0,103.37419407182821,0.0
NGC2403,3.16,3.08,102.0,3.16,13.06,102.46,0.0,81.8,0.0,103.28898876453384,0.0
NGC2403,3.16,3.19,101.0,3.4,14.06,102.29,0.0,78.36,0.0,103.25176850785657,0.0
NGC2403,3.16,3.29,101.0,3.4,15.05,102.51,0.0,75.36,0.0,103.60889247550135,0.0
NGC2403,3.16,3.39,103.0,2.93,16.15,102.82,0.0,71.99,0.0,104.08061731177423,0.0
NGC2403,3.16,3.49,107.0,2.46,17.15,103.06,0.0,67.49,0.0,104.47720373363751,2.5227962663624908
NGC2403,3.16,3.59,110.0,2.46,18.14,102.95,0.0,62.39,0.0,104.53593688296863,5.4640631170313725
NGC2403,3.16,3.69,112.0,3.4,19.24,103.12,0.0,56.77,0.0,104.8995328874252,7.100467112574805
NGC2403,3.16,3.79,114.0,5.1,20.24,102.93,0.0,52.43,0.0,104.90110819243047,9.09889180756953
NGC2403,3.16,3.9,118.0,5.1,21.03,102.5,0.0,47.97,0.0,104.635132245341,13.364867754659002
NGC2403,3.16,3.99,118.0,4.85,21.83,101.99,0.0,44.58,0.0,104.30009108337345,13.699908916626555
NGC2403,3.16,4.47,118.0,5.36,25.72,99.49,0.0,31.94,0.0,102.76078288919368,15.239217110806322
NGC2403,3.16,4.97,121.0,2.57,27.81,97.06,0.0,24.17,0.0,100.96553718967677,20.034462810323234
NGC2403,3.16,5.47,124.0,0.22,29.41,94.4,0.0,15.97,0.0,98.87521479116998,25.12478520883002
NGC2403,3.16,5.96,125.0,0.88,30.7,91.13,0.0,11.31,0.0,96.16219059484865,28.837809405151347
NGC2403,3.16,6.46,126.0,0.45,31.7,87.9,0.0,7.9,0.0,93.44142550282504,32.55857449717496
NGC2403,3.16,6.96,126.0,0.55,33.29,84.95,0.0,5.51,0.0,91.23993971940139,34.76006028059861
NGC2403,3.16,7.45,126.0,0.45,34.99,81.98,0.0,3.88,0.0,89.13484447734231,36.86515552265769
NGC2403,3.16,7.95,126.0,0.24,36.58,79.11,0.0,2.71,0.0,87.15783671018917,38.84216328981083
NGC2403,3.16,8.45,127.0,1.45,38.38,76.42,0.0,1.9,0.0,85.51631891048632,41.48368108951368
NGC2403,3.16,8.94,128.0,1.12,39.97,74.09,0.0,1.34,0.0,84.18389988590455,43.81610011409545
NGC2403,3.16,9.44,128.0,1.68,41.47,71.75,0.0,0.93,0.0,82.87233193291956,45.127668067080435
NGC2403,3.16,9.94,127.0,2.56,42.57,69.58,0.0,0.65,0.0,81.5694875550901,45.430512444909894
NGC2403,3.16,10.43,127.0,1.24,43.96,67.61,0.0,0.46,0.0,80.64486158460439,46.355138415395615
NGC2403,3.16,10.93,128.0,0.21,45.06,65.75,0.0,0.32,0.0,79.70863253123842,48.29136746876158
NGC2403,3.16,11.43,130.0,1.13,45.76,64.12,0.0,0.22,0.0,78.77405664303446,51.225943356965544
NGC2403,3.16,11.92,130.0,2.23,46.15,62.55,0.0,0.16,0.0,77.73239350489601,52.26760649510399
NGC2403,3.16,12.42,132.0,2.68,46.65,61.06,0.0,0.11,0.0,76.84104437083087,55.15895562916913
NGC2403,3.16,12.92,133.0,2.68,46.95,59.67,0.0,0.08,0.0,75.92635510809143,57.07364489190857
NGC2403,3.16,13.42,133.0,3.37,46.75,58.37,0.0,0.05,0.0,74.7838177682846,58.21618223171539
NGC2403,3.16,13.91,133.0,3.81,46.25,57.26,0.0,0.04,0.0,73.60550319099788,59.39449680900212
NGC2403,3.16,14.41,133.0,2.56,45.95,56.12,0.0,0.03,0.0,72.53176476551498,60.46823523448502
NGC2403,3.16,14.91,134.0,0.56,45.66,55.05,0.0,0.02,0.0,71.52159184470099,62.47840815529901
NGC2403,3.16,15.4,134.0,0.79,45.26,54.06,0.0,0.01,0.0,70.50497287425901,63.49502712574099
NGC2403,3.16,15.9,133.0,0.67,44.76,53.11,0.0,0.01,0.0,69.45595510825547,63.544044891744534
NGC2403,3.16,16.4,134.0,2.35,44.16,52.26,0.0,0.01,0.0,68.41939198794446,65.58060801205554
NGC2403,3.16,16.89,134.0,4.13,43.36,51.43,0.0,0.0,0.0,67.26911995856642,66.73088004143358
NGC2403,3.16,17.39,136.0,3.91,42.67,50.61,0.0,0.0,0.0,66.19743952752252,69.80256047247748
NGC2403,3.16,17.89,136.0,6.38,41.87,49.84,0.0,0.0,0.0,65.09318320684586,70.90681679315414
NGC2403,3.16,18.38,135.0,8.39,41.07,49.16,0.0,0.0,0.0,64.05818058608908,70.94181941391092
NGC2403,3.16,18.88,133.0,7.83,40.27,48.46,0.0,0.0,0.0,63.00828913722384,69.99171086277616
NGC2403,3.16,19.38,134.0,6.26,39.87,47.78,0.0,0.0,0.0,62.22977824161034,71.77022175838965
NGC2403,3.16,19.87,136.0,5.6,39.87,47.15,0.0,0.0,0.0,61.74738375024483,74.25261624975516
NGC2403,3.16,20.37,135.0,5.24,39.87,46.52,0.0,0.0,0.0,61.267669288132716,73.73233071186729
NGC2403,3.16,20.87,134.0,3.12,39.87,45.97,0.0,0.0,0.0,60.85111174004958,73.14888825995041
NGC2841,14.1,3.44,285.0,14.4,-0.57,163.4,239.5,560.42,13.23,289.9312589218348,0.0
NGC2841,14.1,3.77,297.0,13.6,-0.57,171.13,229.25,537.66,5.28,286.07929722368937,10.920702776310634
NGC2841,14.1,4.13,303.0,8.47,-0.43,180.88,219.24,507.23,1.94,284.22515177232293,18.77484822767707
NGC2841,14.1,4.47,306.0,5.93,-0.1,188.37,210.91,465.98,0.76,282.78312361242496,23.21687638757504
NGC2841,14.1,4.8,307.0,5.93,-0.19,194.64,203.54,438.69,0.3,281.6261658653187,25.373834134681317
NGC2841,14.1,5.13,304.0,8.47,-0.28,200.57,196.88,413.05,0.12,281.0518416591501,22.948158340849886
NGC2841,14.1,5.48,308.0,8.47,-0.38,206.64,190.44,383.91,0.05,281.0117926351134,26.98820736488659
NGC2841,14.1,5.83,313.0,12.7,-0.48,211.29,184.57,352.6,0.02,280.55263213878425,32.44736786121575
NGC2841,14.1,6.16,314.0,9.32,-0.53,215.14,179.57,340.73,0.01,280.233626461922,33.76637353807803
NGC2841,14.1,6.51,315.0,6.78,3.83,221.84,174.68,329.32,0.0,282.3840592172299,32.61594078277011
NGC2841,14.1,6.86,317.0,8.47,8.02,227.72,170.15,300.88,0.0,284.37957257862246,32.62042742137754
NGC2841,14.1,7.18,320.0,7.63,12.15,231.73,166.32,276.7,0.0,285.497386678057,34.50261332194299
NGC2841,14.1,7.51,316.0,20.5,16.24,235.48,162.63,259.76,0.0,286.64103840866886,29.358961591331138
NGC2841,14.1,7.85,318.0,23.4,20.27,239.96,159.08,241.28,0.0,288.61413842707015,29.385861572929855
NGC2841,14.1,8.21,321.0,8.48,24.66,243.42,155.54,214.54,0.0,289.92085747665686,31.079142523343137
NGC2841,14.1,8.57,323.0,8.66,27.1,245.15,152.23,187.05,0.0,289.8394476257502,33.16055237424979
NGC2841,14.1,8.9,321.0,12.7,29.42,245.8,149.38,167.67,0.0,289.1324277904504,31.86757220954962
NGC2841,14.1,9.24,323.0,11.0,31.74,245.24,146.61,150.42,0.0,287.4796989354205,35.520301064579485
NGC2841,14.1,9.6,323.0,10.4,34.31,244.14,143.83,136.11,0.0,285.42702149586324,37.572978504136756
NGC2841,14.1,9.93,322.0,13.6,36.63,243.64,141.42,126.37,0.0,284.0806626646734,37.91933733532659
NGC2841,14.1,10.27,321.0,13.6,38.95,243.6,139.06,118.7,0.0,283.18853454898203,37.811465451017966
NGC2841,14.1,10.6,323.0,9.32,41.02,243.38,136.88,108.16,0.0,282.22792065988085,40.77207934011915
NGC2841,14.1,10.93,322.0,11.9,43.22,243.08,134.8,97.33,0.0,281.29503159494305,40.704968405056945
NGC2841,14.1,11.27,321.0,11.0,45.42,242.44,132.75,86.07,0.0,280.11192852143944,40.88807147856056
NGC2841,14.1,12.31,323.0,4.24,52.25,237.3,127.02,60.76,0.0,274.1813868591375,48.81861314086251
NGC2841,14.1,14.35,319.0,4.24,56.77,222.06,117.64,30.36,0.0,257.62889220737645,61.37110779262355
NGC2841,14.1,16.4,308.0,4.24,51.89,207.98,110.04,19.68,0.0,240.95031458788344,67.04968541211656
NGC2841,14.1,18.48,299.0,5.66,48.35,196.87,103.67,11.59,0.0,227.6905538225071,71.3094461774929
NGC2841,14.1,20.57,299.0,5.66,54.45,185.72,98.26,7.0,0.0,217.05240956967052,81.94759043032948
NGC2841,14.1,22.51,298.0,5.66,63.61,176.98,93.93,4.66,0.0,210.21654882525306,87.78345117474694
NGC2841,14.1,24.59,296.0,5.66,66.17,168.93,89.87,3.04,0.0,202.46587539632452,93.53412460367548
NGC2841,14.1,26.68,293.0,4.24,61.9,161.21,86.28,1.15,0.0,193.0401836406089,99.95981635939111
NGC2841,14.1,28.77,289.0,4.24,58.85,153.59,83.08,0.69,0.0,184.27017392947778,104.72982607052222
NGC2841,14.1,30.7,289.0,4.24,57.01,147.56,80.43,0.41,0.0,177.4628935862368,111.53710641376321
NGC2841,14.1,32.79,288.0,4.24,57.38,141.95,77.82,0.23,0.0,171.75045647683152,116.24954352316848
NGC2841,14.1,34.88,285.0,4.24,60.43,136.82,75.46,0.13,0.0,167.52823314295412,117.47176685704588
NGC2841,14.1,36.96,283.0,2.83,64.09,132.38,73.3,0.07,0.0,164.3316235543238,118.66837644567619
NGC2841,14.1,38.9,275.0,2.83,66.9,128.66,71.45,0.04,0.0,161.66047166824671,113.33952833175329
NGC2841,14.1,40.99,272.0,2.83,68.61,124.87,69.61,0.02,0.0,158.5730150435439,113.4269849564561
NGC2841,14.1,43.08,271.0,2.83,68.98,121.52,67.9,0.01,0.0,155.35688204904216,115.64311795095784
NGC2841,14.1,45.16,274.0,4.24,67.76,118.47,66.31,0.01,0.0,151.7352121295515,122.26478787044849
NGC2841,14.1,47.1,277.0,4.24,65.19,115.75,64.93,0.0,0.0,147.8638005057357,129.1361994942643
NGC2841,14.1,49.19,281.0,4.24,62.26,113.11,63.54,0.0,0.0,143.90104690376648,137.09895309623352
NGC2841,14.1,51.27,286.0,4.24,60.55,110.59,62.24,0.0,0.0,140.6067857537466,145.3932142462534
NGC2841,14.1,53.36,282.0,4.24,60.55,108.3,61.01,0.0,0.0,138.26573183547686,143.73426816452314
NGC2841,14.1,55.3,283.0,4.24,62.39,106.31,59.93,0.0,0.0,137.06178570265308,145.93821429734692
NGC2841,14.1,57.38,288.0,5.66,64.95,104.23,58.83,0.0,0.0,136.17402211875802,151.82597788124198
NGC2841,14.1,59.47,287.0,5.66,67.27,102.32,57.79,0.0,0.0,135.4042813207913,151.5957186792087
NGC2841,14.1,61.56,289.0,7.07,68.49,100.51,56.8,0.0,0.0,134.23628496051282,154.76371503948718
NGC2841,14.1,63.64,294.0,7.07,68.73,98.76,55.86,0.0,0.0,132.65628556536626,161.34371443463374
NGC3109,1.33,0.26,6.1,1.6,1.0,2.78,0.0,10.55,0.0,2.9543865691544156,3.145613430845584
NGC3109,1.33,0.52,11.2,0.7,2.12,4.73,0.0,8.77,0.0,5.183367631183419,6.01663236881658
NGC3109,1.33,0.77,14.9,1.5,4.53,7.0,0.0,8.41,0.0,8.337919404743607,6.562080595256393
NGC3109,1.33,1.03,19.1,2.2,6.54,8.59,0.0,7.93,0.0,10.796281767349349,8.303718232650652
NGC3109,1.33,1.29,24.3,0.9,8.22,10.63,0.0,6.67,0.0,13.437458837146258,10.862541162853743
NGC3109,1.33,1.55,29.8,1.9,10.06,11.72,0.0,5.17,0.0,15.445452405157967,14.354547594842034
NGC3109,1.33,1.81,34.3,1.6,11.73,12.56,0.0,4.71,0.0,17.185648082047997,17.114351917952
NGC3109,1.33,2.06,38.2,3.5,12.92,13.39,0.0,3.81,0.0,18.606947627163354,19.59305237283665
NGC3109,1.33,2.32,42.5,5.6,13.76,13.69,0.0,2.97,0.0,19.41014425500233,23.08985574499767
NGC3109,1.33,2.58,42.3,3.0,14.44,13.73,0.0,2.43,0.0,19.925523832511907,22.37447616748809
NGC3109,1.33,2.84,47.3,4.4,15.04,13.74,0.0,2.3,0.0,20.371283710164168,26.92871628983583
NGC3109,1.33,3.1,49.3,4.0,15.37,14.32,0.0,2.42,0.0,21.007124981777014,28.292875018222983
NGC3109,1.33,3.35,50.6,3.5,15.75,15.08,0.0,1.97,0.0,21.805249367984764,28.794750632015237
NGC3109,1.33,3.61,53.0,3.5,16.29,15.34,0.0,1.22,0.0,22.375873167320194,30.624126832679806
NGC3109,1.33,3.87,54.7,3.3,16.37,14.77,0.0,0.78,0.0,22.048351412293847,32.651648587706156
NGC3109,1.33,4.13,55.2,3.1,16.42,14.16,0.0,0.69,0.0,21.682296926294505,33.5177030737055
NGC3109,1.33,4.38,57.5,2.6,16.88,13.87,0.0,0.81,0.0,21.84745522938541,35.65254477061459
NGC3109,1.33,4.64,59.1,2.4,17.22,13.96,0.0,0.75,0.0,22.167769396130048,36.932230603869954
NGC3109,1.33,4.9,61.2,1.9,17.66,14.01,0.0,0.64,0.0,22.542309109760694,38.65769089023931
NGC3109,1.33,5.16,62.7,1.9,18.09,14.01,0.0,0.51,0.0,22.8807386244413,39.8192613755587
NGC3109,1.33,5.42,64.4,2.9,18.73,13.96,0.0,0.43,0.0,23.360104879901545,41.039895120098464
NGC3109,1.33,5.67,66.6,3.2,19.3,13.99,0.0,0.36,0.0,23.837157968180687,42.762842031819304
NGC3109,1.33,5.93,66.3,3.4,19.36,13.93,0.0,0.0,0.0,23.850670850103985,42.449329149896016
NGC3109,1.33,6.19,66.2,3.2,19.43,13.15,0.0,0.0,0.0,23.461615460151076,42.73838453984892
NGC3109,1.33,6.45,67.3,3.0,19.41,12.62,0.0,0.0,0.0,23.151943762889545,44.14805623711045
NGC3198,13.8,0.32,24.4,35.9,0.0,63.28,0.0,1084.92,0.0,63.28,0.0
NGC3198,13.8,0.64,43.3,16.3,0.0,73.66,0.0,590.57,0.0,73.66,0.0
NGC3198,13.8,0.96,45.5,16.1,0.0,78.98,0.0,410.97,0.0,78.98,0.0
NGC3198,13.8,1.28,58.5,15.4,0.35,82.7,0.0,329.34,0.0,82.70074062546236,0.0
NGC3198,13.8,1.61,68.8,7.61,0.15,84.22,0.0,268.62,0.0,84.22013357861645,0.0
NGC3198,13.8,1.93,76.9,10.3,-0.05,83.17,0.0,247.67,0.0,83.17001502945638,0.0
NGC3198,13.8,2.24,82.0,8.09,-0.47,87.04,0.0,227.56,0.0,87.04126894755154,0.0
NGC3198,13.8,2.57,86.9,7.6,-0.95,88.91,0.0,205.02,0.0,88.91507521224958,0.0
NGC3198,13.8,2.89,97.6,3.03,-1.43,88.98,0.0,200.2,0.0,88.99149004258778,8.60850995741221
NGC3198,13.8,3.21,100.0,5.31,-1.14,93.81,0.0,208.58,0.0,93.81692651115789,6.183073488842112
NGC3198,13.8,3.54,107.0,7.51,-0.39,101.22,0.0,208.47,0.0,101.22075133094003,5.779248669059967
NGC3198,13.8,3.85,113.0,7.32,0.36,108.53,0.0,196.07,0.0,108.53059706829222,4.469402931707776
NGC3198,13.8,4.17,117.0,5.21,1.52,115.51,0.0,179.96,0.0,115.52000043282548,1.4799995671745165
NGC3198,13.8,4.5,119.0,5.67,3.07,120.51,0.0,164.19,0.0,120.54909788131971,0.0
NGC3198,13.8,4.82,127.0,5.39,4.63,125.42,0.0,150.99,0.0,125.50543135657517,1.4945686434248273
NGC3198,13.8,5.15,132.0,4.34,6.02,129.4,0.0,138.08,0.0,129.5399567701024,2.460043229897593
NGC3198,13.8,5.46,134.0,2.36,7.16,133.15,0.0,126.0,0.0,133.342371735319,0.6576282646809943
NGC3198,13.8,5.78,137.0,0.89,8.31,136.45,0.0,113.63,0.0,136.70281123663844,0.29718876336156086
NGC3198,13.8,6.1,140.0,2.84,9.46,139.41,0.0,101.19,0.0,139.73059686410846,0.26940313589153675
NGC3198,13.8,6.43,142.0,0.88,10.61,141.85,0.0,86.52,0.0,142.2462463476629,0.0
NGC3198,13.8,6.74,144.0,1.23,11.77,142.32,0.0,70.23,0.0,142.80586577588468,1.1941342241153166
NGC3198,13.8,7.06,146.0,1.57,12.87,140.94,0.0,57.67,0.0,141.5263950646663,4.473604935333697
NGC3198,13.8,8.04,147.0,3.0,16.39,135.68,0.0,40.74,0.0,136.66636199153032,10.333638008469677
NGC3198,13.8,9.04,148.0,3.0,20.03,130.79,0.0,31.83,0.0,132.3148706684173,15.685129331582687
NGC3198,13.8,10.04,152.0,2.0,23.68,128.1,0.0,26.64,0.0,130.27030513513046,21.729694864869543
NGC3198,13.8,11.04,155.0,2.0,27.08,126.67,0.0,21.02,0.0,129.53229442884117,25.46770557115883
NGC3198,13.8,12.05,156.0,2.0,30.11,124.98,0.0,15.42,0.0,128.5558730669276,27.444126933072397
NGC3198,13.8,14.05,157.0,2.0,34.48,118.12,0.0,6.42,0.0,123.04960300626736,33.95039699373264
NGC3198,13.8,16.07,153.0,2.0,36.43,108.22,0.0,2.95,0.0,114.18718535807773,38.81281464192227
NGC3198,13.8,18.13,153.0,2.0,37.76,101.1,0.0,2.39,0.0,107.92139546910983,45.078604530890175
NGC3198,13.8,20.05,154.0,2.0,39.83,96.4,0.0,1.44,0.0,104.30430911520388,49.69569088479612
NGC3198,13.8,22.12,153.0,2.0,40.92,91.56,0.0,0.72,0.0,100.28798532227079,52.712014677729215
NGC3198,13.8,24.03,150.0,2.0,41.77,87.03,0.0,0.28,0.0,96.53472846597747,53.465271534022534
NGC3198,13.8,26.1,149.0,2.0,43.71,82.67,0.0,0.16,0.0,93.51413262175937,55.48586737824063
NGC3198,13.8,28.16,148.0,2.0,45.41,79.06,0.0,0.08,0.0,91.1731961708045,56.8268038291955
NGC3198,13.8,30.08,146.0,2.0,45.29,76.07,0.0,0.04,0.0,88.53151416303687,57.468485836963126
NGC3198,13.8,32.14,147.0,2.0,44.56,73.27,0.0,0.02,0.0,85.75597063761799,61.24402936238201
NGC3198,13.8,34.06,148.0,2.0,44.81,70.91,0.0,0.01,0.0,83.88184666541385,64.11815333458615
NGC3198,13.8,36.12,148.0,2.0,45.9,68.62,0.0,0.01,0.0,82.55612878520891,65.44387121479109
NGC3198,13.8,38.19,149.0,2.0,46.75,66.59,0.0,0.0,0.0,81.3620955973972,67.6379044026028
NGC3198,13.8,40.1,150.0,2.0,47.48,64.84,0.0,0.0,0.0,80.36526612909336,69.63473387090664
NGC3198,13.8,42.17,150.0,3.0,48.93,63.1,0.0,0.0,0.0,79.84832434058964,70.15167565941036
NGC3198,13.8,44.08,149.0,3.0,47.84,61.63,0.0,0.0,0.0,78.01873172514406,70.98126827485594
NGC3741,3.21,0.23,13.1,2.19,2.45,11.6,0.0,35.93,0.0,11.855905701379376,1.2440942986206238
NGC3741,3.21,0.47,17.3,2.39,4.75,13.88,0.0,9.96,0.0,14.670272662769428,2.629727337230573
NGC3741,3.21,0.7,23.6,2.21,6.71,13.02,0.0,2.76,0.0,14.647337642042666,8.952662357957335
NGC3741,3.21,0.93,26.2,2.21,7.8,11.93,0.0,1.21,0.0,14.253592529604598,11.946407470395402
NGC3741,3.21,1.17,27.4,2.24,8.39,10.78,0.0,0.32,0.0,13.660179354605853,13.739820645394145
NGC3741,3.21,1.4,26.9,2.23,8.84,9.72,0.0,0.1,0.0,13.13864528785217,13.76135471214783
NGC3741,3.21,1.64,27.4,2.21,9.23,8.89,0.0,0.03,0.0,12.815030237966667,14.584969762033332
NGC3741,3.21,1.87,31.0,2.2,9.41,8.25,0.0,0.01,0.0,12.514415687518136,18.485584312481862
NGC3741,3.21,2.1,32.5,2.19,9.55,7.73,0.0,0.0,0.0,12.28639084515872,20.21360915484128
NGC3741,3.21,2.33,33.0,2.19,10.05,7.3,0.0,0.0,0.0,12.42145321610962,20.57854678389038
NGC3741,3.21,2.57,36.5,2.2,10.65,6.92,0.0,0.0,0.0,12.700744072691176,23.799255927308824
NGC3741,3.21,2.8,38.9,2.21,11.28,6.62,0.0,0.0,0.0,13.079097828214298,25.8209021717857
NGC3741,3.21,3.26,41.5,2.21,12.0,6.11,0.0,0.0,0.0,13.46596079008104,28.03403920991896
NGC3741,3.21,3.73,42.7,2.2,12.41,5.7,0.0,0.0,0.0,13.656430719628025,29.043569280371976
NGC3741,3.21,4.21,44.7,2.22,13.14,5.36,0.0,0.0,0.0,14.191166266378533,30.508833733621472
NGC3741,3.21,4.67,46.7,2.24,13.55,5.09,0.0,0.0,0.0,14.474480992422492,32.22551900757751
NGC3741,3.21,5.14,48.5,2.27,13.86,4.84,0.0,0.0,0.0,14.680776546218526,33.819223453781476
NGC3741,3.21,5.61,50.0,2.32,13.86,4.63,0.0,0.0,0.0,14.612888147111782,35.38711185288822
NGC3741,3.21,6.07,50.2,2.4,13.76,4.45,0.0,0.0,0.0,14.46167694287215,35.73832305712785
NGC3741,3.21,6.54,50.1,2.57,13.55,4.29,0.0,0.0,0.0,14.21290258884511,35.88709741115489
NGC3741,3.21,7.0,51.6,3.24,13.34,4.14,0.0,0.0,0.0,13.967648334633859,37.632351665366144
NGC6674,51.2,2.5,206.0,75.0,0.0,122.77,171.6,669.71,11.84,210.99533857410213,0.0
NGC6674,51.2,7.49,285.0,8.0,0.0,218.15,99.53,282.14,0.0,239.78249185459725,45.217508145402746
NGC6674,51.2,12.54,291.0,7.0,0.0,234.07,76.92,106.66,0.0,246.38476271880126,44.615237281198745
NGC6674,51.2,17.45,274.0,5.0,0.0,221.55,65.21,40.36,0.0,230.94749749672545,43.05250250327455
NGC6674,51.2,22.47,266.0,4.0,23.41,205.25,57.46,19.71,0.0,214.4230449368724,51.5769550631276
NGC6674,51.2,27.48,255.0,2.0,35.47,190.15,51.96,8.34,0.0,200.287256209675,54.71274379032499
NGC6674,51.2,32.5,250.0,2.0,42.22,174.2,47.78,3.62,0.0,185.50228246574216,64.49771753425784
NGC6674,51.2,37.51,242.0,2.0,45.59,160.68,44.48,1.58,0.0,172.84380492224764,69.15619507775236
NGC6674,51.2,42.42,237.0,2.0,49.68,149.48,41.82,0.7,0.0,162.976333251181,74.02366674881901
NGC6674,51.2,47.44,235.0,2.0,50.91,139.94,39.55,0.3,0.0,154.0754172475285,80.92458275247151
NGC6674,51.2,52.45,236.0,2.0,48.66,131.98,37.61,0.13,0.0,145.60572825270302,90.39427174729698
NGC6674,51.2,57.47,242.0,2.0,50.7,125.25,35.93,0.06,0.0,139.81780072651694,102.18219927348306
NGC6674,51.2,62.48,246.0,2.0,51.01,119.5,34.46,0.03,0.0,134.42381373848906,111.57618626151094
NGC6674,51.2,67.4,242.0,4.0,48.35,114.62,33.18,0.01,0.0,128.74928854172362,113.25071145827638
NGC6674,51.2,72.41,242.0,5.0,44.77,110.24,32.01,0.0,0.0,123.21465253775624,118.78534746224376
NGC6789,3.52,0.1,13.9,3.84,2.8,7.62,0.0,126.29,0.0,8.118152499183543,5.781847500816458
NGC6789,3.52,0.3,29.9,3.92,7.72,17.26,0.0,62.07,0.0,18.90782906628892,10.99217093371108
NGC6789,3.52,0.51,46.7,4.1,11.07,20.43,0.0,30.5,0.0,23.236389564646224,23.46361043535378
NGC6789,3.52,0.71,60.4,9.4,11.87,21.37,0.0,16.58,0.0,24.445322660991817,35.954677339008185
UGC06917,18.0,1.74,59.2,3.5,0.0,56.25,0.0,84.05,0.0,56.25,2.950000000000003
UGC06917,18.0,2.61,71.2,4.0,0.0,59.09,0.0,59.41,0.0,59.09,12.11
UGC06917,18.0,3.5,84.5,4.4,6.4,61.72,0.0,38.85,0.0,62.05093391722642,22.449066082773577
UGC06917,18.0,4.37,93.5,4.5,14.66,63.73,0.0,29.86,0.0,65.39440725322005,28.105592746779948
UGC06917,18.0,5.24,97.5,3.5,17.89,64.38,0.0,19.57,0.0,66.8194320538569,30.6805679461431
UGC06917,18.0,6.11,100.0,3.5,20.91,64.3,0.0,16.34,0.0,67.61448143704128,32.38551856295872
UGC06917,18.0,6.98,101.0,4.0,24.79,64.23,0.0,10.95,0.0,68.84792662092302,32.15207337907698
UGC06917,18.0,7.85,103.0,3.5,27.59,62.94,0.0,8.29,0.0,68.72155193241782,34.278448067582175
UGC06917,18.0,8.72,105.0,4.0,29.1,61.95,0.0,6.21,0.0,68.44422912123417,36.55577087876583
UGC06917,18.0,9.6,110.0,4.9,32.76,60.68,0.0,4.78,0.0,68.9585382675706,41.0414617324294
UGC06917,18.0,10.47,111.0,6.0,36.86,60.19,0.0,3.35,0.0,70.57971167410646,40.42028832589354
UGC06930,18.0,1.74,54.7,8.3,0.0,52.62,0.0,88.43,0.0,52.62,2.0800000000000054
UGC06930,18.0,3.5,85.4,7.0,5.24,59.95,0.0,40.84,0.0,60.17856844425597,25.221431555744033
UGC06930,18.0,5.24,93.8,6.2,17.89,62.66,0.0,24.98,0.0,65.16385270991886,28.63614729008114
UGC06930,18.0,6.98,98.7,5.2,25.97,65.09,0.0,17.98,0.0,70.07959046683992,28.620409533160085
UGC06930,18.0,8.72,103.0,5.2,29.85,66.99,0.0,10.91,0.0,73.33950231628245,29.66049768371755
UGC06930,18.0,10.47,107.0,5.2,34.48,67.16,0.0,6.05,0.0,75.49394677720856,31.506053222791436
UGC06930,18.0,12.19,109.0,5.2,40.3,63.93,0.0,2.66,0.0,75.57205105063643,33.42794894936357
UGC06930,18.0,13.94,108.0,7.4,42.57,59.68,0.0,0.84,0.0,73.30693896214737,34.69306103785263
UGC06930,18.0,15.68,108.0,7.4,40.84,54.03,0.0,0.0,0.0,67.72847628582826,40.271523714171735
UGC06930,18.0,16.61,108.0,7.4,39.98,51.7,0.0,0.0,0.0,65.35510997619085,42.644890023809154
UGC06983,18.0,1.74,56.9,6.6,0.0,57.53,0.0,98.9,0.0,57.53,0.0
UGC06983,18.0,2.61,87.4,4.8,0.0,63.17,0.0,46.82,0.0,63.17,24.230000000000004
UGC06983,18.0,3.5,92.1,5.7,0.0,61.1,0.0,24.53,0.0,61.1,30.999999999999993
UGC06983,18.0,4.37,93.5,5.2,8.69,59.01,0.0,17.42,0.0,59.64642654845301,33.85357345154699
UGC06983,18.0,5.24,98.2,4.4,16.6,57.64,0.0,11.69,0.0,59.98274418530716,38.21725581469284
UGC06983,18.0,6.11,99.7,4.4,18.86,56.44,0.0,10.25,0.0,59.50775747749196,40.192242522508046
UGC06983,18.0,6.98,102.0,3.5,23.82,56.03,0.0,7.82,0.0,60.88311177986881,41.11688822013119
UGC06983,18.0,7.85,107.0,4.4,29.74,55.57,0.0,5.78,0.0,63.027712159017796,43.972287840982204
UGC06983,18.0,8.72,108.0,4.4,30.17,54.32,0.0,3.82,0.0,62.13607084455856,45.86392915544144
UGC06983,18.0,9.6,110.0,4.4,31.9,52.55,0.0,2.7,0.0,61.47448657776655,48.52551342223345
UGC06983,18.0,10.47,113.0,4.4,35.89,51.23,0.0,1.88,0.0,62.55081933915814,50.44918066084186
UGC06983,18.0,11.35,110.0,5.2,38.26,49.57,0.0,1.1,0.0,62.61798862946653,47.38201137053347
UGC06983,18.0,12.19,108.0,5.7,39.33,47.76,0.0,0.58,0.0,61.86975432309393,46.13024567690607
UGC06983,18.0,13.12,109.0,8.6,40.63,45.68,0.0,0.0,0.0,61.13476343292743,47.86523656707257
UGC06983,18.0,13.94,108.0,9.8,40.95,43.38,0.0,0.0,0.0,59.65506600448951,48.34493399551049
UGC06983,18.0,14.86,108.0,9.8,40.63,41.42,0.0,0.0,0.0,58.02080058048148,49.97919941951852
UGC06983,18.0,15.68,109.0,12.3,40.09,39.99,0.0,0.0,0.0,56.62515518742532,52.37484481257468
UGC07089,18.0,0.87,20.9,4.7,4.05,19.26,0.0,68.02,0.0,19.68121185293223,1.2187881470677695
UGC07089,18.0,1.74,36.4,3.9,8.89,32.89,0.0,56.39,0.0,34.07028323921009,2.329716760789907
UGC07089,18.0,2.61,43.4,3.9,12.07,42.35,0.0,36.37,0.0,44.03643264389158,0.0
UGC07089,18.0,3.5,51.2,4.7,13.47,46.88,0.0,25.35,0.0,48.7767905873275,2.423209412672506
UGC07089,18.0,4.37,59.7,3.9,14.33,50.13,0.0,17.79,0.0,52.13794971035973,7.5620502896402755
UGC07089,18.0,5.24,64.5,4.4,18.1,50.81,0.0,11.52,0.0,53.93761303580276,10.562386964197238
UGC07089,18.0,6.11,67.9,3.9,21.23,49.78,0.0,7.62,0.0,54.11803119109194,13.781968808908069
UGC07089,18.0,6.55,72.8,7.3,22.41,49.26,0.0,6.38,0.0,54.11797945230401,18.682020547695984
UGC07089,18.0,6.98,70.3,6.1,23.49,48.73,0.0,5.35,0.0,54.096145888593576,16.20385411140642
UGC07089,18.0,7.85,73.7,6.1,25.32,47.5,0.0,3.71,0.0,53.82706010920529,19.87293989079471
UGC07089,18.0,8.72,77.6,6.1,26.4,46.22,0.0,2.54,0.0,53.22826692651189,24.3717330734881
UGC07089,18.0,9.16,79.1,7.3,26.4,45.5,0.0,2.07,0.0,52.60427739262274,26.495722607377253
UGC07151,6.87,0.5,24.2,2.18,-0.51,24.79,0.0,167.58,0.0,24.795245511992817,0.0
UGC07151,6.87,1.0,42.0,2.91,-5.39,39.13,0.0,101.17,0.0,39.49948100924872,2.5005189907512815
UGC07151,6.87,1.5,59.4,2.4,-5.79,45.87,0.0,67.11,0.0,46.233981009642676,13.166018990357323
UGC07151,6.87,2.0,63.9,2.01,7.68,49.56,0.0,35.27,0.0,50.15153038542294,13.748469614577061
UGC07151,6.87,2.49,66.0,2.0,15.55,48.96,0.0,24.9,0.0,51.37007007976532,14.62992992023468
UGC07151,6.87,3.0,67.2,2.07,19.33,48.14,0.0,18.24,0.0,51.875895172999186,15.324104827000816
UGC07151,6.87,3.49,68.7,2.38,19.89,46.88,0.0,13.06,0.0,50.924910407383145,17.775089592616858
UGC07151,6.87,4.0,71.3,2.91,25.08,45.84,0.0,12.13,0.0,52.252387505261424,19.047612494738573
UGC07151,6.87,4.49,72.5,3.21,25.36,46.88,0.0,11.01,0.0,53.29975609700293,19.200243902997073
UGC07151,6.87,5.01,74.0,3.41,26.06,48.01,0.0,7.73,0.0,54.62676724830053,19.37323275169947
UGC07151,6.87,5.5,76.2,3.17,28.3,47.84,0.0,5.0,0.0,55.583771012769546,20.616228987230457
UGC07399,8.43,0.61,47.3,2.77,2.98,31.89,0.0,131.44,0.0,32.02893223321689,15.271067766783105
UGC07399,8.43,1.22,70.4,3.27,8.37,39.0,0.0,39.39,0.0,39.888054602850715,30.51194539714929
UGC07399,8.43,1.84,83.7,2.5,14.43,37.15,0.0,17.04,0.0,39.8540763285263,43.845923671473706
UGC07399,8.43,2.45,89.1,2.45,17.93,36.43,0.0,13.6,0.0,40.60332252414819,48.496677475851804
UGC07399,8.43,3.07,91.7,2.48,20.44,35.9,0.0,7.77,0.0,41.31105905202625,50.38894094797375
UGC07399,8.43,3.68,95.1,3.01,21.54,34.58,0.0,5.32,0.0,40.74000490917987,54.35999509082012
UGC07399,8.43,4.3,96.9,3.62,21.34,33.94,0.0,4.08,0.0,40.091385608382254,56.80861439161775
UGC07399,8.43,4.91,100.0,3.9,23.04,32.94,0.0,2.41,0.0,40.19807458075573,59.80192541924427
UGC07399,8.43,5.52,103.0,4.82,25.45,31.6,0.0,1.92,0.0,40.57416049655248,62.42583950344752
UGC07399,8.43,6.13,106.0,4.97,25.55,31.05,0.0,1.31,0.0,40.21075726717914,65.78924273282087
UGC07524,4.74,0.35,14.4,2.82,-0.61,15.45,0.0,54.27,0.0,15.462037381923508,0.0
UGC07524,4.74,0.69,24.4,3.97,-1.22,17.95,0.0,43.05,0.0,17.991411840097484,6.408588159902514
UGC07524,4.74,1.03,29.2,3.26,-2.04,20.19,0.0,30.93,0.0,20.29279921548528,8.907200784514718
UGC07524,4.74,1.38,32.9,3.73,-1.72,21.43,0.0,26.57,0.0,21.498913926056822,11.401086073943176
UGC07524,4.74,1.72,37.8,3.41,3.47,22.82,0.0,24.96,0.0,23.082315741710143,14.717684258289854
UGC07524,4.74,2.07,42.0,3.12,3.53,25.15,0.0,21.49,0.0,25.396523384116968,16.603476615883032
UGC07524,4.74,2.41,45.1,2.92,4.13,26.82,0.0,19.73,0.0,27.13612536822455,17.96387463177545
UGC07524,4.74,2.76,47.6,2.79,6.88,28.98,0.0,17.35,0.0,29.78547968389967,17.81452031610033
UGC07524,4.74,3.1,52.3,2.78,9.39,30.06,0.0,14.95,0.0,31.49247052868352,20.807529471316478
UGC07524,4.74,3.45,57.3,2.78,11.99,30.89,0.0,12.04,0.0,33.1353617756016,24.164638224398395
UGC07524,4.74,3.79,61.4,2.93,14.78,31.14,0.0,11.79,0.0,34.469522770122595,26.930477229877404
UGC07524,4.74,4.14,64.5,3.42,16.87,32.08,0.0,10.85,0.0,36.24532107734735,28.25467892265265
UGC07524,4.74,4.48,66.4,4.53,18.27,32.77,0.0,9.51,0.0,37.518872584340805,28.8811274156592
UGC07524,4.74,4.82,66.9,5.46,19.32,33.02,0.0,8.75,0.0,38.25680070262018,28.643199297379823
UGC07524,4.74,5.17,69.4,4.77,19.78,33.86,0.0,8.46,0.0,39.21413010637875,30.18586989362126
UGC07524,4.74,5.51,70.2,4.44,19.55,34.37,0.0,6.93,0.0,39.541110252495436,30.658889747504567
UGC07524,4.74,5.86,70.9,4.24,19.78,34.15,0.0,6.35,0.0,39.464805840140656,31.43519415985935
UGC07524,4.74,6.2,72.3,4.38,20.48,34.36,0.0,6.28,0.0,40.000499996875035,32.29950000312496
UGC07524,4.74,6.55,73.9,3.51,21.53,34.78,0.0,5.87,0.0,40.904636656496535,32.99536334350347
UGC07524,4.74,6.89,75.0,3.22,22.81,35.14,0.0,5.48,0.0,41.89410101673027,33.10589898326973
UGC07524,4.74,7.25,75.5,3.23,24.09,35.58,0.0,5.16,0.0,42.96818008712959,32.53181991287041
UGC07524,4.74,7.58,77.1,2.98,25.37,36.1,0.0,4.85,0.0,44.12308806056077,32.976911939439226
UGC07524,4.74,7.94,77.0,2.79,26.77,36.68,0.0,4.42,0.0,45.409859061661926,31.590140938338074
UGC07524,4.74,8.27,77.0,2.82,28.28,37.11,0.0,4.01,0.0,46.65737347944052,30.342626520559477
UGC07524,4.74,8.63,78.2,2.93,29.91,37.49,0.0,3.56,0.0,47.95944328284055,30.24055671715945
UGC07524,4.74,8.97,79.6,3.14,31.07,37.76,0.0,3.14,0.0,48.89951431251644,30.700485687483557
UGC07524,4.74,9.3,80.3,3.39,32.12,37.98,0.0,2.76,0.0,49.741077591865654,30.558922408134343
UGC07524,4.74,9.66,81.2,3.66,33.05,38.12,0.0,2.36,0.0,50.45232303868673,30.747676961313275
UGC07524,4.74,9.99,82.3,3.9,33.75,38.33,0.0,2.09,0.0,51.07104267586477,31.22895732413523
UGC07524,4.74,10.35,83.8,4.1,34.21,38.96,0.0,1.89,0.0,51.84790931175529,31.95209068824471
UGC07524,4.74,10.69,79.0,2.78,34.56,38.32,0.0,0.0,0.0,51.60248056053119,27.39751943946881
UGC07559,4.97,0.36,9.31,3.23,2.82,9.53,0.0,30.89,0.0,9.938475738260871,0.0
UGC07559,4.97,0.72,15.9,3.23,5.91,14.9,0.0,16.96,0.0,16.02928881766125,0.0
UGC07559,4.97,1.08,21.4,3.23,7.85,16.55,0.0,9.0,0.0,18.317341510164624,3.0826584898353744
UGC07559,4.97,1.45,26.1,3.23,9.57,17.31,0.0,4.91,0.0,19.779307369066288,6.3206926309337135
UGC07559,4.97,1.8,29.7,3.23,11.59,16.91,0.0,2.03,0.0,20.500639014430746,9.199360985569253
UGC07559,4.97,2.17,31.1,3.23,14.33,15.67,0.0,1.39,0.0,21.234354240240037,9.865645759759964
UGC07559,4.97,2.53,32.1,3.23,16.45,15.47,0.0,0.0,0.0,22.581483565080486,9.518516434919515
UGC07603,4.7,0.34,19.6,2.89,4.29,19.73,0.0,106.8,0.0,20.19101285225682,0.0
UGC07603,4.7,0.68,32.5,2.89,6.17,28.0,0.0,66.32,0.0,28.671743930218128,3.8282560697818724
UGC07603,4.7,1.02,41.9,2.89,5.94,31.57,0.0,28.35,0.0,32.123955235929465,9.776044764070534
UGC07603,4.7,1.37,50.6,2.89,8.81,31.98,0.0,17.64,0.0,33.17132044402212,17.42867955597788
UGC07603,4.7,1.71,57.0,2.89,15.21,31.44,0.0,8.3,0.0,34.92588867874374,22.07411132125626
UGC07603,4.7,2.05,60.5,2.89,17.87,29.65,0.0,4.37,0.0,34.618772364137925,25.881227635862075
UGC07603,4.7,2.39,60.5,2.89,17.46,27.89,0.0,2.3,0.0,32.90446322309483,27.59553677690517
UGC07603,4.7,2.74,60.0,2.89,15.96,26.14,0.0,1.18,0.0,30.627131762540223,29.372868237459777
UGC07603,4.7,3.08,61.5,2.89,15.55,24.58,0.0,0.62,0.0,29.085716425764726,32.41428357423527
UGC07603,4.7,3.42,61.5,2.89,16.29,23.19,0.0,0.33,0.0,28.339728297921276,33.160271702078724
UGC07603,4.7,3.76,63.0,2.89,16.96,21.99,0.0,0.17,0.0,27.770518540351382,35.22948145964862
UGC07603,4.7,4.11,64.0,2.89,17.21,20.84,0.0,0.0,0.0,27.027572957999762,36.972427042000234
UGC07608,8.21,0.6,14.6,6.69,4.56,9.68,0.0,17.85,0.0,10.70028037015853,3.899719629841469
UGC07608,8.21,1.19,31.5,6.69,6.39,13.08,0.0,8.12,0.0,14.55742078803797,16.94257921196203
UGC07608,8.21,1.79,44.8,6.69,9.63,14.81,0.0,5.97,0.0,17.665588017385666,27.13441198261433
UGC07608,8.21,2.38,50.6,6.69,13.15,16.52,0.0,4.18,0.0,21.114755504149226,29.485244495850775
UGC07608,8.21,2.99,55.6,6.69,14.93,16.97,0.0,2.37,0.0,22.602783014487397,32.99721698551261
UGC07608,8.21,3.59,61.4,6.69,18.09,16.51,0.0,1.63,0.0,24.49139032394854,36.908609676051455
UGC07608,8.21,4.18,66.0,6.69,21.26,16.39,0.0,1.31,0.0,26.844360674078274,39.155639325921726
UGC07608,8.21,4.78,69.3,6.69,24.12,16.26,0.0,1.09,0.0,29.088863848558955,40.21113615144104
UGC07690,8.11,0.59,45.3,4.31,4.24,45.76,0.0,180.6,0.0,45.956013752282736,0.0
UGC07690,8.11,1.18,59.8,4.31,11.75,48.85,0.0,41.99,0.0,50.24325825421755,9.556741745782446
UGC07690,8.11,1.77,60.7,4.31,15.81,45.2,0.0,16.24,0.0,47.885238852907484,12.814761147092518
UGC07690,8.11,2.36,58.8,4.31,19.15,42.05,0.0,6.57,0.0,46.2052486196103,12.594751380389695
UGC07690,8.11,2.95,57.9,4.31,20.97,38.14,0.0,2.06,0.0,43.524711371817276,14.375288628182723
UGC07690,8.11,3.54,56.9,4.31,21.99,34.5,0.0,0.42,0.0,40.91222433454334,15.98777566545666
UGC07690,8.11,4.13,55.9,4.31,22.39,31.16,0.0,0.0,0.0,38.370010424809635,17.529989575190363
UGC08286,6.5,0.47,22.2,2.81,-3.85,16.14,0.0,82.49,0.0,16.59283279009344,5.60716720990656
UGC08286,6.5,0.95,43.4,3.47,-1.38,24.37,0.0,52.72,0.0,24.409041357660897,18.990958642339102
UGC08286,6.5,1.42,60.2,3.04,-0.63,30.01,0.0,40.22,0.0,30.016612067320324,30.18338793267968
UGC08286,6.5,1.9,69.6,2.05,8.67,34.64,0.0,31.23,0.0,35.70852139195909,33.891478608040906
UGC08286,6.5,2.37,72.5,2.0,11.4,38.52,0.0,22.7,0.0,40.17151229416189,32.32848770583811
UGC08286,6.5,2.84,74.3,2.02,11.54,39.29,0.0,15.52,0.0,40.94967277036533,33.350327229634665
UGC08286,6.5,3.3,75.8,2.01,12.92,40.32,0.0,11.35,0.0,42.33944732752189,33.46055267247811
UGC08286,6.5,3.78,77.2,2.05,16.18,39.87,0.0,7.3,0.0,43.028005996095146,34.17199400390486
UGC08286,6.5,4.25,79.3,2.08,18.85,39.64,0.0,4.23,0.0,43.89364532594667,35.406354674053325
UGC08286,6.5,4.73,81.3,2.08,23.39,37.47,0.0,2.11,0.0,44.171178385911325,37.12882161408867
UGC08286,6.5,5.2,81.6,2.03,23.16,35.37,0.0,1.36,0.0,42.27791976907094,39.32208023092905
UGC08286,6.5,5.67,82.1,2.02,23.39,33.69,0.0,0.93,0.0,41.01351240749809,41.0864875925019
UGC08286,6.5,6.15,82.9,2.0,22.11,32.23,0.0,0.61,0.0,39.08484360976771,43.815156390232296
UGC08286,6.5,6.62,83.2,2.0,22.46,30.9,0.0,0.37,0.0,38.20028272146687,44.99971727853313
UGC08286,6.5,7.1,83.5,2.02,26.07,29.56,0.0,0.21,0.0,39.41368417187107,44.08631582812893
UGC08286,6.5,7.57,83.8,2.0,25.72,28.4,0.0,0.17,0.0,38.315511219348224,45.48448878065177
UGC08286,6.5,8.04,84.3,2.0,26.3,27.44,0.0,0.12,0.0,38.00846747765556,46.29153252234444
UGC08490,4.65,0.34,38.8,3.69,0.91,27.87,0.0,246.74,0.0,27.88485251888559,10.915147481114406
UGC08490,4.65,0.68,50.1,3.69,7.1,39.52,0.0,115.82,0.0,40.152713482403655,9.947286517596346
UGC08490,4.65,1.02,60.2,3.69,10.23,44.52,0.0,75.75,0.0,45.68022876475117,14.519771235248832
UGC08490,4.65,1.36,68.2,3.69,12.18,46.26,0.0,41.22,0.0,47.83659686892453,20.363403131075472
UGC08490,4.65,1.69,72.8,3.69,14.42,45.8,0.0,27.51,0.0,48.01641802550457,24.783581974495426
UGC08490,4.65,2.03,75.3,3.69,15.29,45.05,0.0,15.53,0.0,47.5740118131738,27.7259881868262
UGC08490,4.65,2.37,76.6,3.69,18.41,43.11,0.0,9.72,0.0,46.876435444687985,29.72356455531201
UGC08490,4.65,2.7,77.6,3.69,20.65,41.2,0.0,6.89,0.0,46.08538271512997,31.514617284870027
UGC08490,4.65,3.05,78.5,3.69,21.24,39.62,0.0,4.81,0.0,44.954221158863376,33.545778841136624
UGC08490,4.65,3.38,78.2,3.69,22.11,38.18,0.0,3.48,0.0,44.11988780584103,34.08011219415897
UGC08490,4.65,3.72,78.8,3.69,23.77,36.93,0.0,2.42,0.0,43.91853595009743,34.88146404990257
UGC08490,4.65,4.06,79.2,3.69,25.04,35.68,0.0,1.42,0.0,43.58972355957307,35.61027644042693
UGC08490,4.65,4.39,79.2,3.69,24.74,34.2,0.0,0.59,0.0,42.21027836913659,36.989721630863414
UGC08490,4.65,4.74,79.2,3.69,24.74,32.41,0.0,0.26,0.0,40.773468088942344,38.42653191105766
UGC08490,4.65,5.08,78.8,3.69,23.87,31.05,0.0,0.18,0.0,39.16477243646387,39.63522756353613
UGC08490,4.65,5.41,78.5,3.69,22.31,29.85,0.0,0.11,0.0,37.26605157512666,41.23394842487334
UGC08490,4.65,5.75,80.1,3.69,22.6,28.79,0.0,0.07,0.0,36.600875672584664,43.49912432741533
UGC08490,4.65,6.09,80.1,3.69,23.18,27.84,0.0,0.04,0.0,36.22675806637961,43.873241933620385
UGC08490,4.65,6.42,80.1,3.69,22.99,26.98,0.0,0.02,0.0,35.44658657755355,44.65341342244644
UGC08490,4.65,6.77,80.1,3.69,22.99,26.18,0.0,0.01,0.0,34.84153412236608,45.25846587763392
UGC08490,4.65,7.11,79.8,3.69,22.8,25.47,0.0,0.01,0.0,34.18422004375703,45.61577995624297
UGC08490,4.65,7.44,79.8,3.69,23.87,24.82,0.0,0.01,0.0,34.435581888505965,45.36441811149403
UGC08490,4.65,7.78,79.5,3.69,24.06,24.22,0.0,0.0,0.0,34.13930286341535,45.36069713658465
UGC08490,4.65,8.12,79.5,3.69,22.89,23.66,0.0,0.0,0.0,32.92032350995354,46.57967649004646
UGC08490,4.65,8.46,78.8,3.69,23.09,23.15,0.0,0.0,0.0,32.696645087837375,46.10335491216262
UGC08490,4.65,8.8,77.9,3.69,23.38,22.65,0.0,0.0,0.0,32.5522180503879,45.347781949612106
UGC08490,4.65,9.13,77.2,3.69,22.8,22.21,0.0,0.0,0.0,31.829610428027546,45.37038957197245
UGC08490,4.65,9.47,77.6,3.69,22.21,21.79,0.0,0.0,0.0,31.114115767606187,46.48588423239381
UGC08490,4.65,9.77,76.6,3.69,22.21,21.43,0.0,0.0,0.0,30.863068544783424,45.73693145521657
UGC08490,4.65,10.15,77.6,3.69,22.5,21.0,0.0,0.0,0.0,30.777426793024787,46.82257320697521
UGC08550,6.7,0.49,25.0,2.04,3.42,17.04,0.0,58.85,0.0,17.379815879346936,7.6201841206530645
UGC08550,6.7,0.97,42.5,2.7,4.1,26.7,0.0,34.44,0.0,27.012959852633696,15.487040147366304
UGC08550,6.7,1.47,48.0,2.15,10.21,28.91,0.0,12.1,0.0,30.659944553113593,17.340055446886407
UGC08550,6.7,1.95,49.2,2.08,12.59,27.91,0.0,4.42,0.0,30.61823312995053,18.581766870049474
UGC08550,6.7,2.44,50.4,2.06,13.04,24.63,0.0,0.9,0.0,27.868952258741267,22.53104774125873
UGC08550,6.7,2.92,51.6,2.04,12.14,22.08,0.0,0.36,0.0,25.197341129571587,26.402658870428414
UGC08550,6.7,3.41,53.2,2.0,13.38,20.22,0.0,0.14,0.0,24.24608834430824,28.953911655691762
UGC08550,6.7,3.89,55.1,2.05,14.95,18.69,0.0,0.05,0.0,23.9336290603828,31.166370939617202
UGC08550,6.7,4.39,57.8,2.24,18.33,17.42,0.0,0.02,0.0,25.287255683446556,32.51274431655344
UGC08550,6.7,4.88,57.3,2.0,21.25,16.4,0.0,0.01,0.0,26.842550176911285,30.457449823088712
UGC08550,6.7,5.36,57.5,2.0,22.04,15.57,0.0,0.0,0.0,26.984930980085906,30.515069019914094
UGC10310,15.2,1.1,33.2,5.06,3.45,21.28,0.0,48.94,0.0,21.557850078335733,11.64214992166427
UGC10310,15.2,2.21,54.6,5.06,6.51,35.54,0.0,27.59,0.0,36.13131190532666,18.46868809467334
UGC10310,15.2,3.31,65.7,5.06,11.85,39.59,0.0,15.03,0.0,41.32542316782734,24.374576832172664
UGC10310,15.2,4.42,69.2,5.06,18.75,38.75,0.0,7.39,0.0,43.047938394306414,26.15206160569359
UGC10310,15.2,5.52,70.9,5.06,26.75,39.1,0.0,4.76,0.0,47.37480870673781,23.525191293262196
UGC10310,15.2,6.64,72.4,5.06,30.8,37.98,0.0,2.41,0.0,48.8990838359984,23.50091616400161
UGC10310,15.2,7.74,73.2,5.06,30.9,35.45,0.0,0.0,0.0,47.02672112746114,26.173278872538866
UGC12632,9.77,0.71,24.1,7.55,0.75,14.22,0.0,33.37,0.0,14.239764745247726,9.860235254752276
UGC12632,9.77,1.42,33.6,5.02,2.55,19.97,0.0,21.72,0.0,20.132148419878092,13.46785158012191
UGC12632,9.77,2.14,44.8,3.38,7.39,23.97,0.0,15.26,0.0,25.08332115171354,19.716678848286456
UGC12632,9.77,2.85,54.4,2.9,10.7,26.52,0.0,10.49,0.0,28.597209654090378,25.80279034590962
UGC12632,9.77,3.55,57.4,2.89,12.26,27.06,0.0,8.02,0.0,29.707763295138864,27.692236704861134
UGC12632,9.77,4.26,61.4,3.44,12.02,28.45,0.0,6.75,0.0,30.88499473854577,30.515005261454228
UGC12632,9.77,4.97,63.8,3.64,14.16,29.24,0.0,4.61,0.0,32.48820093510873,31.311799064891268
UGC12632,9.77,5.69,65.5,3.82,15.95,29.3,0.0,4.19,0.0,33.3600434651995,32.1399565348005
UGC12632,9.77,6.4,67.6,3.54,18.56,30.76,0.0,2.51,0.0,35.92563430198554,31.674365698014455
UGC12632,9.77,7.11,69.2,2.91,22.61,29.42,0.0,1.98,0.0,37.10456171416124,32.09543828583876
UGC12632,9.77,7.82,70.3,2.79,26.3,28.8,0.0,1.14,0.0,39.001666631055656,31.29833336894434
UGC12632,9.77,8.52,71.4,2.93,28.44,27.59,0.0,1.1,0.0,39.62375171535376,31.776248284646243
UGC12632,9.77,9.25,73.2,3.0,29.27,27.31,0.0,0.81,0.0,40.03209962017981,33.167900379820196
UGC12632,9.77,9.95,73.0,2.81,30.7,26.87,0.0,0.61,0.0,40.798123731367845,32.201876268632155
UGC12632,9.77,10.66,73.1,2.79,31.41,26.73,0.0,0.0,0.0,41.24416322341866,31.855836776581334
UGC12732,13.2,0.96,34.2,3.32,1.81,20.68,0.0,44.6,0.0,20.75905826380378,13.440941736196223
UGC12732,13.2,1.92,49.5,4.6,-7.24,30.32,0.0,24.65,0.0,31.172423710709438,18.327576289290562
UGC12732,13.2,2.88,59.9,4.38,-2.56,33.18,0.0,15.63,0.0,33.27861174989125,26.62138825010875
UGC12732,13.2,3.84,65.3,4.31,8.12,35.24,0.0,8.99,0.0,36.16340691914964,29.13659308085036
UGC12732,13.2,4.8,69.8,3.83,11.3,34.72,0.0,5.81,0.0,36.51257865448564,33.28742134551436
UGC12732,13.2,5.76,73.8,3.45,16.0,34.11,0.0,4.38,0.0,37.67614762684741,36.12385237315259
UGC12732,13.2,6.72,76.2,3.24,18.2,34.88,0.0,2.64,0.0,39.342780786314535,36.85721921368547
UGC12732,13.2,7.68,79.3,3.19,19.2,33.08,0.0,1.24,0.0,38.24822087365633,41.05177912634367
UGC12732,13.2,8.64,80.3,3.31,23.3,31.11,0.0,0.86,0.0,38.86800869609865,41.43199130390135
UGC12732,13.2,9.6,81.9,3.69,25.5,29.68,0.0,0.52,0.0,39.12994249931886,42.77005750068115
UGC12732,13.2,10.6,84.0,3.89,27.8,28.19,0.0,0.32,0.0,39.59186911475638,44.40813088524362
UGC12732,13.2,11.5,85.6,3.67,31.1,26.95,0.0,0.2,0.0,41.15230856221799,44.447691437782005
UGC12732,13.2,12.5,87.9,3.43,35.1,25.7,0.0,0.12,0.0,43.502873468312416,44.39712653168759
UGC12732,13.2,13.4,90.8,3.36,38.3,24.69,0.0,0.08,0.0,45.56847704279791,45.23152295720209
UGC12732,13.2,14.4,95.5,3.18,41.4,23.69,0.0,0.05,0.0,47.69880606472241,47.80119393527759
UGC12732,13.2,15.4,98.0,3.18,43.4,22.77,0.0,0.0,0.0,49.010538662618266,48.989461337381734
UGCA281,5.68,0.09,7.0,2.49,1.74,3.78,0.0,85.81,0.0,4.161249812255928,2.838750187744072
UGCA281,5.68,0.25,14.9,1.35,4.38,11.32,0.0,82.32,0.0,12.137825175870676,2.7621748241293247
UGCA281,5.68,0.41,21.1,1.37,6.41,15.94,0.0,43.75,0.0,17.18056169046868,3.9194383095313228
UGCA281,5.68,0.58,26.0,1.24,7.97,17.47,0.0,20.85,0.0,19.20213009017489,6.79786990982511
UGCA281,5.68,0.74,27.5,1.59,9.12,17.72,0.0,11.43,0.0,19.92919466511379,7.570805334886209
UGCA281,5.68,0.9,28.8,2.57,9.81,17.18,0.0,7.49,0.0,19.783541139037773,9.016458860962228
UGCA281,5.68,1.08,29.5,1.85,10.01,16.66,0.0,5.51,0.0,19.4359383617051,10.064061638294898
UGCA442,4.35,0.42,14.2,1.91,4.87,4.78,0.0,11.05,0.0,6.823877197019302,7.376122802980698
UGCA442,4.35,1.26,28.6,1.82,13.14,10.76,0.0,5.81,0.0,16.983438992147615,11.616561007852386
UGCA442,4.35,2.11,41.0,1.74,19.65,13.6,0.0,2.75,0.0,23.897332487120817,17.102667512879183
UGCA442,4.35,2.96,49.0,1.91,22.42,13.29,0.0,1.0,0.0,26.06301018685294,22.93698981314706
UGCA442,4.35,3.79,54.8,2.05,22.82,12.56,0.0,0.72,0.0,26.048147726853824,28.751852273146174
UGCA442,4.35,4.65,56.4,3.12,21.37,12.33,0.0,0.43,0.0,24.671963845628504,31.728036154371495
UGCA442,4.35,5.48,57.8,2.83,18.73,12.04,0.0,0.18,0.0,22.265994251324148,35.53400574867585
UGCA442,4.35,6.33,56.5,0.65,16.75,10.62,0.0,0.0,0.0,19.832975066792173,36.66702493320783
UGCA444,0.98,0.12,6.48,2.6,-0.66,2.2,0.0,2.83,0.0,2.296867431960321,4.18313256803968
UGCA444,0.98,0.19,8.6,2.65,0.47,2.24,0.0,3.38,0.0,2.2887769659798662,6.311223034020133
UGCA444,0.98,0.26,10.2,3.03,1.82,2.72,0.0,2.43,0.0,3.2727358585745967,6.927264141425402
UGCA444,0.98,0.33,11.7,3.55,3.08,2.9,0.0,2.23,0.0,4.2304136913545465,7.469586308645453
UGCA444,0.98,0.4,12.7,3.75,4.2,2.92,0.0,1.76,0.0,5.115310352266029,7.5846896477339705
UGCA444,0.98,0.47,14.1,3.43,5.32,3.03,0.0,2.11,0.0,6.122360655825497,7.977639344174503
UGCA444,0.98,0.55,16.0,3.33,6.65,3.44,0.0,2.0,0.0,7.487062174177533,8.512937825822467
UGCA444,0.98,0.62,18.1,2.66,7.97,3.69,0.0,1.59,0.0,8.782767217682592,9.31723278231741
UGCA444,0.98,0.69,21.2,3.78,9.25,3.81,0.0,1.38,0.0,10.003929228058343,11.196070771941656
UGCA444,0.98,0.76,21.6,3.33,10.36,3.95,0.0,1.39,0.0,11.087474915416944,10.512525084583057
UGCA444,0.98,0.83,23.3,3.09,11.58,4.15,0.0,1.29,0.0,12.301174740649772,10.998825259350228
UGCA444,0.98,0.9,24.5,3.26,12.39,4.32,0.0,1.17,0.0,13.121528112228392,11.378471887771608
UGCA444,0.98,0.97,24.4,3.29,13.1,4.46,0.0,1.08,0.0,13.838410313327177,10.561589686672821
UGCA444,0.98,1.04,25.3,2.78,13.71,4.57,0.0,0.99,0.0,14.451608906969495,10.848391093030505
UGCA444,0.98,1.11,25.4,2.78,14.22,4.69,0.0,0.91,0.0,14.973459854021716,10.426540145978283
UGCA444,0.98,1.19,25.9,2.73,14.63,4.81,0.0,0.83,0.0,15.400422072138154,10.499577927861845
UGCA444,0.98,1.26,26.7,2.67,14.83,4.88,0.0,0.76,0.0,15.612280422795383,11.087719577204616
UGCA444,0.98,1.33,27.1,3.16,15.03,4.95,0.0,0.7,0.0,15.824139787046876,11.275860212953125
UGCA444,0.98,1.4,28.6,3.34,15.13,5.03,0.0,0.64,0.0,15.94420898006546,12.655791019934542
UGCA444,0.98,1.48,28.9,3.21,15.24,5.09,0.0,0.58,0.0,16.067535591994186,12.832464408005812
UGCA444,0.98,1.55,30.4,4.14,15.34,5.13,0.0,0.54,0.0,16.175057959710685,14.224942040289314
UGCA444,0.98,1.62,30.8,4.35,15.54,5.17,0.0,0.49,0.0,16.377438749694655,14.422561250305346
UGCA444,0.98,1.69,30.5,4.56,15.54,5.21,0.0,0.45,0.0,16.390109822694903,14.109890177305097
UGCA444,0.98,1.75,33.0,4.04,15.54,5.22,0.0,0.42,0.0,16.393291310777098,16.606708689222902
UGCA444,0.98,1.83,32.1,4.35,15.64,5.25,0.0,0.38,0.0,16.497639225052776,15.602360774947226
UGCA444,0.98,1.9,32.9,4.36,15.64,5.28,0.0,0.35,0.0,16.5072105456979,16.392789454302097
UGCA444,0.98,1.97,34.2,4.9,15.64,5.3,0.0,0.32,0.0,16.51361862221603,17.686381377783974
UGCA444,0.98,2.04,32.6,3.98,15.64,5.31,0.0,0.3,0.0,16.516830809813364,16.083169190186638
UGCA444,0.98,2.11,33.7,4.73,15.74,5.33,0.0,0.27,0.0,16.617957154837054,17.08204284516295
UGCA444,0.98,2.19,33.8,4.67,15.64,5.35,0.0,0.25,0.0,16.52973381515867,17.270266184841326
UGCA444,0.98,2.26,34.9,3.74,15.64,5.36,0.0,0.23,0.0,16.532973114355446,18.367026885644552
UGCA444,0.98,2.33,36.1,5.47,15.64,5.39,0.0,0.21,0.0,16.54272347589719,19.55727652410281
UGCA444,0.98,2.4,37.2,5.39,15.24,5.42,0.0,0.19,0.0,16.175104327329702,21.0248956726703
UGCA444,0.98,2.48,37.6,7.1,14.73,5.5,0.0,0.17,0.0,15.723323440036461,21.876676559963542
UGCA444,0.98,2.55,35.6,4.73,14.22,5.46,0.0,0.0,0.0,15.232202729743324,20.367797270256677
UGCA444,0.98,2.62,38.3,7.78,13.81,5.25,0.0,0.0,0.0,14.774254634329273,23.525745365670723
